-- phpMyAdmin SQL Dump
-- version 4.5.2
-- http://www.phpmyadmin.net
--
-- Host: localhost
-- 생성 시간: 17-01-14 01:34
-- 서버 버전: 10.1.19-MariaDB
-- PHP 버전: 5.6.28

SET SQL_MODE = "NO_AUTO_VALUE_ON_ZERO";
SET time_zone = "+00:00";


/*!40101 SET @OLD_CHARACTER_SET_CLIENT=@@CHARACTER_SET_CLIENT */;
/*!40101 SET @OLD_CHARACTER_SET_RESULTS=@@CHARACTER_SET_RESULTS */;
/*!40101 SET @OLD_COLLATION_CONNECTION=@@COLLATION_CONNECTION */;
/*!40101 SET NAMES utf8mb4 */;

--
-- 데이터베이스: `simpsons`
--

-- --------------------------------------------------------

--
-- 테이블 구조 `courses`
--

CREATE TABLE `courses` (
  `id` int(10) UNSIGNED NOT NULL,
  `name` varchar(32) DEFAULT NULL,
  `teacher_id` int(10) UNSIGNED NOT NULL
) ENGINE=InnoDB DEFAULT CHARSET=latin1;

--
-- 테이블의 덤프 데이터 `courses`
--

INSERT INTO `courses` (`id`, `name`, `teacher_id`) VALUES
(10001, 'Computer Science 142', 1234),
(10002, 'Computer Science 143', 5678),
(10003, 'Computer Science 190M', 9012),
(10004, 'Informatics 100', 1234);

-- --------------------------------------------------------

--
-- 테이블 구조 `grades`
--

CREATE TABLE `grades` (
  `student_id` int(10) UNSIGNED NOT NULL,
  `course_id` int(10) UNSIGNED NOT NULL,
  `grade` varchar(2) DEFAULT NULL
) ENGINE=InnoDB DEFAULT CHARSET=latin1;

--
-- 테이블의 덤프 데이터 `grades`
--

INSERT INTO `grades` (`student_id`, `course_id`, `grade`) VALUES
(123, 10001, 'B-'),
(123, 10002, 'C'),
(456, 10001, 'B+'),
(888, 10002, 'A+'),
(888, 10003, 'A+'),
(404, 10004, 'D+'),
(404, 10002, 'B'),
(456, 10002, 'D-');

-- --------------------------------------------------------

--
-- 테이블 구조 `snippets`
--

CREATE TABLE `snippets` (
  `id` int(11) NOT NULL,
  `content` varchar(255) DEFAULT NULL,
  `date_posted` date DEFAULT NULL,
  `fk_id` int(11) DEFAULT NULL
) ENGINE=InnoDB DEFAULT CHARSET=latin1;

--
-- 테이블의 덤프 데이터 `snippets`
--

INSERT INTO `snippets` (`id`, `content`, `date_posted`, `fk_id`) VALUES
(1, '$newUserSnippet', '2017-01-13', 123),
(2, 'Enter snippet...', '2017-01-13', 123),
(3, 'Enter snippet...', '2017-01-13', 123),
(4, 'Enter snippet...', '2017-01-13', 123),
(5, 'Enter snippet...', '2017-01-13', 123),
(6, 'Hello Bart!', '2017-01-14', 123);

-- --------------------------------------------------------

--
-- 테이블 구조 `students`
--

CREATE TABLE `students` (
  `id` int(11) NOT NULL,
  `name` varchar(32) DEFAULT NULL,
  `private_snippet` varchar(200) DEFAULT NULL,
  `password` varchar(16) DEFAULT NULL,
  `profile_img_url` varchar(100) DEFAULT NULL,
  `page_img_url` varchar(100) DEFAULT NULL,
  `text_colour` varchar(7) NOT NULL DEFAULT '#000000',
  `background_colour` varchar(7) NOT NULL DEFAULT '#ffffff',
  `is_admin` tinyint(1) NOT NULL DEFAULT '0',
  `can_create_snippet` tinyint(1) NOT NULL DEFAULT '0'
) ENGINE=InnoDB DEFAULT CHARSET=latin1;

--
-- 테이블의 덤프 데이터 `students`
--

INSERT INTO `students` (`id`, `name`, `private_snippet`, `password`, `profile_img_url`, `page_img_url`, `text_colour`, `background_colour`, `is_admin`, `can_create_snippet`) VALUES
(123, 'Bart', 'hello!!!', 'bartman', 'http://cdn1.spiegel.de/images/image-684488-galleryV9-ikle-684488.jpg', 'https://www.ucl.ac.uk/news/news-articles/January2012/quad.jpg', '#fffff', '#ffffff', 1, 1),
(404, 'Ralph', 'ralph@fox.com', 'catfood', NULL, NULL, '#000000', '#ffffff', 0, 0),
(456, 'Milhouse', 'milhouse@fox.com', 'fallout', NULL, NULL, '#000000', '#ffffff', 0, 0),
(888, 'Lisa', 'Hi I''om Lisa', 'vegan', NULL, NULL, '#000000', '#ffffff', 1, 0),
(889, 'artem', 'artem', 'artem', NULL, NULL, '#000000', '#ffffff', 1, 0);

-- --------------------------------------------------------

--
-- 테이블 구조 `upload`
--

CREATE TABLE `upload` (
  `id` int(11) NOT NULL,
  `name` varchar(30) NOT NULL,
  `type` varchar(30) NOT NULL,
  `size` int(11) NOT NULL,
  `content` mediumblob NOT NULL,
  `fk_id` int(11) DEFAULT NULL
) ENGINE=InnoDB DEFAULT CHARSET=latin1;

--
-- 테이블의 덤프 데이터 `upload`
--

INSERT INTO `upload` (`id`, `name`, `type`, `size`, `content`, `fk_id`) VALUES
(2, 'B-Weekly Report 3.pdf', '40941', 0, 0x255044462d312e350a25bff7a2fe0a31302030206f626a0a3c3c202f4c696e656172697a65642031202f4c203430393431202f48205b2038303320313636205d202f4f203134202f45203230313636202f4e2033202f54203430363234203e3e0a656e646f626a0a2020202020202020202020202020202020202020202020202020202020202020202020202020202020202020202020202020202020202020202020202020202020202020202020202020202020202020202020202020202020202020202020202020202020202020202020202020200a31312030206f626a0a3c3c202f54797065202f58526566202f4c656e677468203635202f46696c746572202f466c6174654465636f6465202f4465636f64655061726d73203c3c202f436f6c756d6e732034202f507265646963746f72203132203e3e202f57205b203120322031205d202f496e646578205b203130203331205d202f496e666f20323320302052202f526f6f7420313220302052202f53697a65203431202f5072657620343036323520202020202020202020202020202020202f4944205b3c61313761313532653764383435306336656666613739383432323237613965303e3c61313761313532653764383435306336656666613739383432323237613965303e5d203e3e0a73747265616d0a789c636264e06760626038092498248004a33188bb0cc47a0e2498370309ce7520ae069090980e62a90309d9c7201d350c4c8cdb0f80743030529b0000ab3408680a656e6473747265616d0a656e646f626a0a2020202020202020202020202020202020202020202020202020202020202020202020202020202020202020202020202020202020202020202020202020202020202020202020202020202020202020202020202020202020202020202020202020202020202020202020202020202020202020202020202020202020202020202020202020202020202020202020202020202020202020202020202020202020202020202020202020202020200a31322030206f626a0a3c3c202f506167657320323420302052202f54797065202f436174616c6f67203e3e0a656e646f626a0a31332030206f626a0a3c3c202f46696c746572202f466c6174654465636f6465202f53203537202f4c656e677468203838203e3e0a73747265616d0a789c63606060626060566660666060ad66e0678002309b998105c86479c1d0cd72740a03835843faacb6ca15100e10b03330745503694e20e6068b3c67e0656028e6ef6391bec1c85cdf3055c5c7af51808101009ac5104d0a656e6473747265616d0a656e646f626a0a31342030206f626a0a3c3c202f436f6e74656e747320313520302052202f4d65646961426f78205b203020302035393420383431205d202f506172656e7420323420302052202f5265736f7572636573203c3c202f457874475374617465203c3c202f473020323520302052203e3e202f466f6e74203c3c202f463020323620302052202f463120323920302052202f463220333220302052203e3e202f50726f6353657473205b202f504446202f54657874202f496d61676542202f496d61676543202f496d61676549205d203e3e202f54797065202f50616765203e3e0a656e646f626a0a31352030206f626a0a3c3c202f46696c746572202f466c6174654465636f6465202f4c656e67746820363139203e3e0a73747265616d0a789cad56516fdb20107ee757f03c29ee1d07074853a5a449fbbc29d27ec0b6769a924aedfebfb4c3e090acb665a3c5728c0f3eeebbe3cc076a906b83f2172ceaef67f5a65213bae0d9457d56a9ffa45cb49767ed3ddd8c3da95feadb27fd2a5374de064408d44f7ffb263e50a7ebeb93ce8df71775f704fae54fefcc8b0b4463f5fb4ff57cb11079932d5fe47acb4428761480bcd01c0842f9af7da77fc6fe5f9a66a019399bc0f8ca1c123a3704bd3baabb47d016f4f15961cdbcbc9f95b12c6fe4f4f187fe0c6018c0ee018410d04edab1dc8f000ee4963eb0d2c7d9eea4ed486e7977e15e1f7fabc371dea3bbf5087619cab95914d1180a63f225a9cd2859891c8d84e2304782d2c65d6e9b640f25225f6cbb3a3e65c66ecbd3177bc8ef3dc6dcb0c209562e866b561f6291a51c41518ac5982614430b2afa0614916d41796c4059082d283b594573a8601a500e630bca710b2ab6d406534b6d30b7d4868796daf076656db014eec6fb95b5211fb4de049ca80da30d77dcffc6c1d21b523d5e4f810b1d8f604db8da5e64cbc2c31a3a8e42e7291a1ea7533d0664cda603e7d073129b2421b36cc7a71e36d287220fa66c88dbd227f280c398edf2459c5c8e295412f04d702b3f55cb708b5abffcd411a7645e4fb374f947b0634a455834373d07fde5ac54b53cea74c1911601ec12d62e5a5be6d8903df66e1e352ae80c28a82acd0224098828578f29924cdb645f36635f3133b23a7eb020497cc4618b3172d0310f850be72341cfc7d523426f3f94316639b7ea6521379f72b41ae558be8148f13aa27d2e9f3e8214dd3e67ba8fe292f11591d0b4accd44328d229cf6e53f4a4d3a8cff053143755c656e6473747265616d0a656e646f626a0a31362030206f626a0a3c3c202f46696c746572202f466c6174654465636f6465202f4c656e677468312034303634202f4c656e6774682032313335203e3e0a73747265616d0a789ced977b5414d71dc7bf736766973762f011d7c72ca841ddd525550cc44642171a436ad145bb9b1a0461153cbcaa28361a8a44856cd46a4d5fb669b5c7fa0a9a91a62768ada2316a4fffd0dac4a8f1417b52b5c7a6318f262976d97e6767c22126a7fda37ff59ccc9ccffc7ef7777ff739bfb9f70e2400f168860c4f794d59fd8977f71c02149dac2a5fdea02933475fa0c37a7ae52dac5f54e37be71b2f00b12e403abca8fadb0b337c916140e226e6efa80c96557cfcabbd77a81f26599534c48fb5eda1fe01195d59d3b062cbef1f5658f601405e5e5d575e96be317d23eb3f4bdb919ab215f57292b8417d28fdb5dab29ae0f94d995780a4c9b4b5d72f09d65fc96a627b713799ff0b187d1740c7a0d3f7cd4f9ef60f3862605c276ea74c34e4d93767b6f678c2afc7b6c62ca56face11bbd58ce5edd9bc071847a3cbd53625ba335f5bfae442d57f15d0cc64ca8567e92d19c88810d92bc1e159f384bbd26c28d556233729513e48798a7dec47c35175f950a315d9c61de3964c8dbe0504a902d7d807479186a850f4d221c799ffef3c92e52408cf2534915a9205fb6f2e78a3c3c25ee45b6321059ca736853d2b042be03b77d1c0ad505b0ab0eb4a8d33057fd125a9466b280e9a5285177a145ccc1f79515c85053699f8316bb60de4eb28efee3a2b2d828afdc42bef23efdbc68501f84dd1641ba3a088395f720948b9821b2d96629c79b8d44f93b70c9df83247e89c9caa3f02aab51a7b890a7b4101f1e11573142d9ccfa9e44a518851a911ad9ae14a08e7a93ed6dfaaee418d7d1d728b71679e216e5083c205e429c51468947a2fa270ce77807290a64ca47c50e78840dfb28d3540f16734e9a95ad28578ea15c0d6196721da94241b36ac73cf9309eb01560aebc01cfc8117c4da962bb4c2b02cfc90e34298f2120ee602af1885d082a6fe359f9160a4515d68bd158407babbc1bcb59768e7a0441db1014db1a51c239cfb7afe57ce4e261f5693ca15cc55a3501adb6631ccb56142b9b305d59433d846f894cacb31f45a97d2a7cf2475829f6a251be88656a127e6473a046ba864ae93c72a47f214f9e8e7a391f8fc8d99c8b6eb48a26548bc52892376324fb328531105096600bdb4b556e6084e8a14f0ffbdfc3fef7608a1187465ca9b3227f8bc6c3e7c1f888c6463fc49cc821233e285f24ed7d717137464cf4231a13c67bff3c5c660cf4476446761bf341f93cd9daf7feefc678f7fde1bbe76d5cb2c5703ef95d4aa594718cc61d5024afb1ee4083c2ef96cb129ab00dedd887a3388933b88e77109132259f38292e89cb5aaa364c1ba9a569399a576bd0dad3064622d1161259c3366c67b9fde8c2299cc50ddc66b9d956b97bb4a1da7096cbee574e8a7c18790bb6c8f1484fe41810e10a15f933793c92133e1dfe75f8a5eea6ee95dd4f7637769775fbbbc75d7befea86cfac3a19e47e320ffff9da83bd78213aaefd588ddde8c4411cc26fb8eafe162d781a4738de2e1cc371acc15abc82137895e33f85d35887569cc31ff11a5ec779bc81363c830bb8884b78139711e2baf7c51cfeef739810dd152e582d8dedd7aa149d1913238635d244b82772b64c7692eda49d94937d16bbc87e7294d4912ef26a742460cf4c569353e40c79919cb5d84dfe40ce934ef20631fad7422ec2d8efc0111b3b1e708dac21dde42fe41572dd621de1fecc18007e476e5bb49277c987e41cf9887c4cdac83f49d86aafd7224422166c5bca34c1b394b3898f3acf1ce2a409784610974cb827435c3601cf1dda3d2495fa664a9e1b349e0fb08572381949fd07946926f8316536c9a1be95d26b829f523698e079ca7613fc0c481b68829feb7015eab145fe0392b431d02945d6ea6b461c8895e797b875c9a569f9555e5d2a75ebc2a54be39d6e5d766905ba3ca660b63f3da085b4d08c8a9056a0559655e8ca98a86446301498a4e9f0f9abf82cf63bf5dc80a34f0d0602396e5d31aa51a2d58402ac60b155c1e268052c1f76ebaaab50d3e5b145fe597ebdd9ebd073bd0187d3a9e5eb5d457ebdcbeb7006026eddd6d747caa7aa869abdb5bb74db78b71e63d6e0f3ebb90e1d8150c84ca53bf5e650c811e2083e49777d3add29e16e436e7f036720bf536a2e8ae634a73b1d8621dd99ee640f035eb71eeb2af4f9f3d94527bb18e7d247e5bbf57897ae5124b80edc27b569219fff602ebf90f2ce18b415fb0f62947cb33ee0d0d359b9d6d639007d366394892e3db7ad53c3e3fe031abc8e83d0e49b5eda1326e898800e294e4cc0cb5266c6a8c1498899f0b2f0e6b8b4818626f7d994cd8df372d20d4d5d5e5a9835c2d06c63460d4d8937347b5ed6f891d112313993d286261b5a6c96cbd2e2be599833fe5e6ae8888fb3b34d73aa3b3c89d2d20e3d998fa264a9a1a3d978d4274bcb3a9287d05637445ac6081b8fbf6207bf8f9928e5d7d0ceaffb35aca23db5b794279a9f70284ec42b39dcf9376080aa23d5361483a49d48b175196753eb9afdc5fd7f7b83ff1afcaf9033f87665fe67c4722f49461174e4fb7531c971400c7928104d8009c43f14e8e04936656076876a0abb2962a2428fbbdc91601a124d8318a0275df6643a9d294e3945925224d9294d919c7246789a3891d5fbf7de4352c25b42eeed954438acea3d3b547bf829d1782745ac08978892365162c658025755c9dad10658fb9af17314cf94a92bd41c96aef29e60e936da3dc6c94d89a52501b9962e1083c72c5de6c9a3d8d28d53c8624b57e18afea91aba8df6764b4fa2f7f1af17fbb48ae092aae5c10a6d615d6dc39cdaa5f5c1f2aa8555c18abbb332277a3c1e1add96d16d1839fb7558401a481ea9e69be86fd3fe8b752e825882a5a862ba96f6fb319123f52093f714ca07a336233df95335b8fb6aa864ba01f5c8c124de8dd17b22ca6829e349a092f54fa4e7122c626e35db29a7a5962d06c924cede0c7c05f95c3d7c7cbacdf6ff0dad6f7d2c656e6473747265616d0a656e646f626a0a31372030206f626a0a3c3c202f46696c746572202f466c6174654465636f6465202f4c656e67746820323234203e3e0a73747265616d0a789c5d904d6ac4300c85f73e8596d3c5604fe83204ca944216fda1690fe0d84a6a6864a3388bdcbeb21ba650810df27b9f7896bef68f3d850cfa8da31b30c314c833ae71638730e21c485d1af0c1e5a3abb75b6c525ae0615f332e3d4d51b52d807e1775cdbcc3e9c1c711ef947e658f1c6886d3e775907ed852fac6052983515d071e2799f46cd38b5d1074c5cebd173de4fd2ccc9fe3634f084ded2fbf695cf4b826eb902dcda85a23d541fb24d52924ff4f3fa871725f96abfb5edcc634a6ba8ff7c295ffdd42b98d59f2d425d420254220bced29c554a8727e0040b46f3a656e6473747265616d0a656e646f626a0a31382030206f626a0a3c3c202f46696c746572202f466c6174654465636f6465202f4c656e67746831203136373830202f4c656e6774682036323037203e3e0a73747265616d0a789ced5a09745cd579fedfbd33922c8d8c6c9c202c83ae3c789725e385d8c2806c2d485e654b7624c3217a9a79d23c18cd0cb348b60a8e80408c58e2b86c4948ea5052f6e49990d6a1943a2d4d0809494a2850eae41892120a8606221b6c8d3cfdee7d6f46a3c56c6972da733ce3ffbdfffdf7df977bdf1c9934222aa07ee2b4c8d7ad4752ff32f87ba2c92f11b998af272ecaea66c688cefc0291469d91aeee5fddf8ad0789a61e247227ba823b3abf2dbe8ee7b973a16575c0d0fdbfdeb6f3ef813f01382f0042febfe741170d02ce0974c7b7bff0f4b53f80aee544857b83619f4e74e81744d3a1bff0de6e7d7bc43d372785f562f08b90de6d9c613dd90dfd41f82022512372e3b6e78e1315b780a792a4efeed73adfaca3ed9f3b6de5112ac923f9d9f703e3efe4fd271bde2c18dc70acbff0e949d3f03889989290a150aeff58bf76e9e4bcc10dc3bf2b7cdaa1673e3c2029b83e4279f415ca87641155d36688d6bb13e426e622e40c1fd66f83b699da580555f31b68067f9816f3a7c0ff344dd19ea36a4039cfa7282fa7a816a226b68d2ed302d4c48b68baab18eb8394cf2d5ac31fa716d7526ae1975315ff19ee67d379fc09dc9fa116c9af646ea36af60474dd4617b007a9da7d07b5b0736017bae49ddd0d1cd9e53360ff0d3a9f7f1acf8380247c02dd7d21fc7d1a7c1276d145cae797e1433bb9ddfba1efb7801b6855ce5175afceada7eafcf9549d9387e77cc04a3a57d2d390b388a6b902b8136d95f7bc50666d9203b6fcebb40af87992275b7e02a80390038a26754a1d4af6293a4fd25c6fd86b8e3ec59ffb3c620b0edd45747c40023b9a12eefa9460d7a66e77b5a46e271ad26d387e13eed74bd0de4f1e201a5e4774a25fd23dfdb0d76feb75ed866ec4cfef05fe3af04be94297a57259edf680b60739ac3dfe0eeb18fe196b1ddea51d48fe9eb59f98ca66e0b967f8b076ebf1c789de2fb7217935ec78008781bf81bb1fb0ffe4f421cc5812bd7ff4a16c9cbd9b2ae1949acfde489dce9e3f917457a74adc4da9f9eeaad434f7cc1349764f6a316f49cde6cb53f9ee0753b3ddb7a6f2b527535fe4f353bbd833c9975dc7932ff343a9aa9ca5a92ac4fb307463de87e0c3d10a7a3c89594c36e0f901a2f77e44746c32dd90bc9bb6276fa5a66427d6fe16f47b20d7077c911dd7ff868ea13746c3f1c5a3e1bd3da341d62f0d478e8d86a13b46c3fbe78d86a1c5d9a09d9d9cacd526cbb40dc9f9da3dc9aff36927b8f668f24b2c277984760f756bf5c999b0f39e7679b20d7569642dc32b59f9f0e9da9ee4e9da00e2d93d94a0e3433b327ace494efb487ad60d9fcfceb1f5200f193d6cf5f046563bbc49fb45f2209f79a29289e185ecabc3f7694f240bd8a54373b513c305da0bc7bbd9dbc343ecd0f05bdaa1e47de939533d3b32836afe3273f3c1f3563dd1ac8d9931c58b1953b39eb62179c7e8a3b49e93ac2be04fa5d027433f07fc23e2c7f920e736f9297e3c159520719ba6e864f3485a061ab29f5d41c8ed4ded54f05c6a8f828ed4d730fbdbd083c576bfc9de39ba157891ad57d2865e80fc23bc08fcd7a66e62c7533bf17c1a0fa576491edbcfe453a8d9777047df0ee7f0c3a9cb24481cb4fb1c386af348da7870b542a63f75b782ddb02541877f77a7feeae4fe256ddf8a21b33d758de3dbfdf0f36edcf74ee89b053bd647f14de6ef24fedd00df6e70f2f747f87772b989e9bc27b507fb6d31f678b9ef8267e845c07f42176626f94afaeebe2175221b725ae9720905975151fe7354e43e8873ab013af66306b2217d66dd85f577a9ba1067a46720ab2f77631624ac54e75cb5fb9f4683ec6909b0b30c7696154e77e419ed96e01aa4cb24b8a3a001f26a314bb0e5bad6067795d22b6788c6f9ecf898f129cbfe64bcd6e47d838af393c8cdc8d958fa51cedddcc73ed6b93b8a36eadc7d09e7eec027de136c90b57d5ee276ddd8cde97339b9023d70d0aef77b785f3c8a73f3c8aff1dab8c1bea7cf84f4de9fdee7edfddc9d4b383353b300075d25d4e07a3b9572bd4d77bab7501be04e89bbaec3f301fb994da6eff04769a9a2cfa03b73e62a5eb5aee40e64e4b6406ebe83e7e71ca762dcf3145c475ef63dfa0ee41b01d740df6adc1540ff690e7e8df66d09a927b1ae70d8ba46d2d3eb8a3fa1e457404ee0f92ae0d361330ff7c91207cc66782370615764cbe97b8871252fa32fe3be4602fb31adcad5e90cd7ef680bde09db723b10c7f5e4d55a698304e857c097d0f5ec30faa1802a94bd076927625a2df5cb985821dd0f7d2660216cad832f1a9b46ff80e78dec61dae08ec0fe20cdc7da2dc8f9536ea2ff90349e4a1d91ba5d0f51143aa70384939b6bf8fba914db4abda05d0fb882bda974df92339fe20e5482ef12bb66e301b190aca3aa551620579b0197b2c9a9df0252e0d1d2359c00d6a8b52c70ea28fbe21aa786e320670f3566d7350da8e73ba86518f7c700cf64d7f224705536c89a3a3d339d6fd5f6ba5ed3b0579e907be79abc1ec4d64f2ff1a3f4cb9cd57400f02266ef5eed310af1adf41ae07dfc46b819fbcd1fd822ba9137d000eef7e2f96ed753b40aeb0fbaeea0c7008f02a280038067002f00be057840f24b59e8fdb19b6972b67f05fa23b987e9797e802ca90bf7175c77d16b381792b8afe6a7699fc1fdc7e0bd3d771a59929e5b9c4a6674c11f1bb439b2cf654fb24f935f6b38d187ba2fc9d16995ab9056b2563a88df477ef763802835e5d4d063393f07e00d316b9f1e0be3df1f8ea76a70ceb95c73d07f97603f75f6749ccb5592267f9a39bfeaa6e1b72d306d3a2087323ff534c624cfe88ffcd547ff5f3e9fd053177b1dd776fc3e7493a0cfd35e7a8152dab95ab3a66bdbb59dda1ef623f6323bc89f98b47992e1e11e8fa7c833d7b3c4b3c253eb69f0acf76cf5b4797c9eb0e7f3a25014896962ba385bcc14b3c52251256a455cdc2f1e2e9b3973eacc3367fd3485dff2b0b197be492fc2c266ad1d16ae86851f3a16364df27b348fdb33d933d533dfb3cc7381a7deb3c6b3c5d3ea69f7747ab68b0258385d148b1942280b2b26b440d8a508dd868fb6125008249c7a2e5578ec9f8f7d7bf0dcc14583958315830b07f14b6370cee0ecc1d2c19f009b7af4df887e33f5370bedb4fce6cc57e3b8e6bcfae2aba157de79e59657961cbaede09de88876ed6ce89c01b85c0be2eac0441fecb669ec32756db7af9a1fbfdd251698a88cfc0c5ecccf649d7c3a2fe133f859fc6c5eca052fe333b9979fc367f1d97c0e9fcbe7f1f97c012fe70b7905afe48bf8b97c315fc297f265ac8b0598c92e6757b020eb662116661176258bb2188bb304eb61bd6c3bdbc1fad85fb0abd8d56c27fb3cebe7e7f1cff0e57c05af62d7b06bd975ec0bec7a7603fb22dbc56e6403ec267633bb85ddcabec476b32fb33dec2fd96dec767607bb93ddc5bec2becabec6cfe72bf905fc427637fcaf676fb2c3ec2df636fb6ff67bf60e7b97fd810db223ec287b8fbdcf8eb1e36c8825d9303bc1529cb8c619e7dcc5dd3c87e7f23c3e89d7f27c5ec03dbc904fe6a7f1223e85ddc71e65df6216bb9f7d97fd356fe0eba893ba2840265d4e5750907a70a234b3160cb19f19ec01f620fb067b883dccf6b26fb27bd823ec6fd83ea2eaaa4d4d1b37ac5fb7764d63c3c5f575b535ab57555f74e1052bcfaf5ab1fc33e72dabac58583e77f6ac73bc334b8ba74d293aadb0207f525e6e8edbc59946e575defa7661cd6eb75cb3bd0d0d0be5b3570741cf22b45b02a4fad13c9668576c62346735383bc77056db9cd5194ead48aca4950bcb459d5758cfd67ac57e6ddba656e0b7d47adb84f596c2d72bdc355b3d14e2a1ac0c12a2ae38502b2cad5dd459f53d8181baf65ae8db57905fe3ad31f21796d3befc02a005c0acb9dec83e6dee859a42d8dcbaaa7d8cf20aa5598bcfaad3fd56d3a6d6bada92b2b23645a31aa5cbcaa9b172952e614a9fe926b1affcc0c0cdfb8ba8a37d81c7eff5eb97b65a5c87d000af1b18f8a235658135cf5b6bcdebfb6d314236ac726f6d9db5c00b656b37670c68967b5691570c1c2138ef7debf0688aee507266151d2189ca103369c27a1a27f8060f115f5999f4e5a6fdd5d48107ab7f53abfd2ca8a3e451aaae5cd066b176b97220bdf2a92d72a53fbd92116ff796c952d5b53bff7a02c5567f8758588eecab7fb3f00febc2e2b3db3b7c0179d78d016f6dad9db79656abba1648b5eec45ab76f5125f8f5760461ca346c6ab52abd116b9a77b5cd00829035309b5b958823664dabb1a8dde748599575b5d22f5137d05e6b3b28757937b57e9f96a40eed5b2a4abebb8496529bf4c3fa740d8a32bb6ea0d5df6995b697f8d19f9da2b5a4ccaa6e43fadabcad469bac92b7c89a7708e6ca94452585d8c670a79965e4b9b3f2442b2be16db25a20887a5cbcab5762a108e5528fb2a2ab578a56ad84d26cb0e270486c941e3cf059350d72894bd19a8692b2b632fbf3012e95383eb967597959ba8a40c8f864db39a96b36b774689ea8336ab31c1ca5d4ed38e8689bd84f2673e11886449e2c67437a89cfc2e482c6a0469164158b85454da2d56b78dbbce8a1eaa656199bccb5aaefda66efda4ddb5a55b59d2e6919f564af2fcfac3958fa2b06f2bc6b9b07248fd7592231d068119aaf1a63b67cea529b5a8f7d6a60a0de2bea07da07f4fda9fe0eaf28f20eec5bbb762052d72e9d6c45c2f7a71ebfa9c4aabfb9cd2a6a0f685552bfb7d13fe06d6e5d8934c8c3b43a36c935adf43497282d741597e6baca4aaf0c9c517af55565a566a0ac74ef4e6def55dade8096e39e5dea76cd2e9dcc4e2fe5acacb49269917059a9a7006858ab2cd0a6d0b4d2de9eb2d2338a9794566ed72aa76b95676a953d5a65b126c986bfac542330fbe59f02b085ad7ef48c29da2e61cddc34e0dd6e556fdebe2f5fecc2eeb465fb3ea6adb6f88cb232cd9aba96d6b6acb64ed7706f5e6db19a565a6baddcbcd69ad47449eb3e4dbbb5ad64ed7e6d773601bbc2aefd1ab558ae5dfb196e536bb65dd2ba5f3b532e5e5ff27dd234b2d6b65f7f4b9bd57496e55fdbdc6af59fd5662d96c8eeb3da28165bb060414c7ed41db0c0262cb03fc45fe7efe2b7eb61bc27eda5a7e97eba0ab05d51ae4d59a0045c3f74ef3c31408163fde4c7097b882f3df12a3569873ed90be09feae36e7037c1eb97f0b6770f7d815e470c16a514e546fad7dc577125fe4bfee68904f95d9f03c7fdf475ba9fbdec88af3e05a7e0149c8253700a4ec1293805a7e0149c8253f07f0098fcff6ebc9fbf4e9c72697a75819b4f7251ae462e2c5df4ec45cf6a95cf16fdfad973172d9952366556d994b27e4ec3fd8c4ee0e76db2b85ffdcd816886b635f30798c54499ff8f978b271b67c0573838a79954ede0ae2c1e3715528783e764d1f3e8531476f049b410bf306d3c9feea47d0e5e40a55a83837ba856eb72f0c29cd3b5871c7c322dca7d52fed5c835094ffedcb71d5ca3c9799b1d9c016f77704eb57921077765f1b8697adea30e9e9345cfa3f9793f75f049b42defa883e76b15939a1cbc802eccdfe9e01eda95ff8483177a6617d43af8646a3fe3f207c4e2458b968bf5a62f1a8e853be3a2261c8d84a37adc0c872ac4aa605044cdae403c26a246cc88f618fe8a8bf5445cef36371b5d89a01e5d1f0e85e33b228668ecd6bbcc509758281c06e1706c35a2312813cb2a562cd2c7b137867c159bf5ae4022a4c703624d381630c5dc16c9516b460d5f3c1c9d572e36765fa1474573c008f98db4763326f490d81831428abb331c8ae31215f1009487fca64fc47c5133125fd86204135d890ad11897321d7accf00bb8b32564fac27ea35cf820a99ba1986889260ca52b9c8807cd90210df845408790618484df88995d21084b2b899821b0a08b2d8dca7445201e8f545556f6f6f656743b319a768815be7077e5872c3745c3fe842f1e6b468a4d9f11ab947ed4da06a3cd8170af0f6e6fd8d8d258df58b3aaa571e306b1b15eac6baca9dbd05c27565dbcb9ae6e7ddd8616919fdf12408c527ba7ee3364bc321d9168386244e33b44b8534c580015a88922cbb03a76881de18494f5857b8c28024e20ed7662e346b43b26d5e822083f43320b5d51c3e8369002d106b180de830476c88c42323eca1dd95fbd7ad41086096551e157150eee109dd170f778cf6431c35d8662ed85c488bcdf8cc5a36647220e1370371c32a44fd241e595cf306213c55a914e5046916c22d1a307137a4750163466c42716dc120a1ab1984a8c8a10f1aad498a178182a6211c36776a2e7c665457445f5505c86236575bfdf9493a5a7c7aa5c92ed7652118c712e68769b324818512c219188c8874e133ecc5d364ff486a357c4e26a5a555f2a6de1de9088243a82268609862169d7a65bdf211018ea1ad921b33b92c6d196659e1a3b4782d5433bc495092326adc8ae4082a32127a4687a7f90dcb1403811f463abe8318dde917a8cca87e443d90d44e0b7cb2af93241c32d3590bef8f8869001ea8ef79d13ab97ae5f6c606890613304816e959baa7c397972506372def2f3eba12a2d6c37b51c81444cef32329589040d4c9de8316326ba0291f61a1d0238ccc56d85134f7a77b052122b1dfd1592929fbfceec33427d1d861f8c89501736148c95d89088f7e129868c04a0b8d3c4a88544b3091b894e7060cf45f77fd6e88861668c8f6fb549fa1d092662c23f272b1f992aa237053a5bf8a36139fffe3989b889beb11bcab0d746953e1e45691246100be5a2c74898c0fae4422c118c03836ba862ec9339ab4775b977c8faa5abe733ef0c096c1e519f8e1d5804c3d84f6e8d769b2120fef4bc9bbad8a196b04f2191f65222162eb78b6788900c211a967e99610caf308232a9c03e8197700e9b0542f69b7d488be9a4251e4fe84153c84d41ee6c663c6eca7c66bcd0e187194482d29e845543e9c1202a2305fafac21fd79b0f3d752094e6d76391edf40009bcef2cc27739b0f564928fa278eb89013a290e5a0db02845d45507c50416a20aacaca220be027453fd353d0e29f964e06ee0de83ab1f9c17432e81559dbac1b919d42e3c07f11c8545a92d8cd51db06140be115c3a384cd0bbf0bc10305a8318a363abb216733c13b40c36572022fd23686fc4dd07fecd8a1a80ce908a3280b5352a0f0165712eb56474d48222a3f4814f66651e9583ba119aaf50fe086a8694014d7e5cc7fa6eaa2ce9cad38d4a63284b77a7f238ee6052575ce9b23df5abfa0868f0a9ac47b0ba10d20632915019a9509cf18c9d0e588aa93a08273b5b70955ac2ca3be9b9cfb1a9abac48a916684f6075c4afb08a21a8388c4c04526b405990960c158b507a63aa27428ee5742c09e58b702474e54d6356d415aa8be2b0594595f8f6aa6f053237ba8ee6a82a56a808bac1ffc74937a9cef7c34b9feae566a78b65b6644495997cd48e8a30aaea1d862d9f93ed0da86c0b22ab07d4604e24be115459f17a5cd7297a1d28cdb8ca49ba181d5887ef7a456d012d1fdf16d57d31d505b6e54e58f0a91ca6e976774494ef11e58de4156a7ec5c79880918a9ace24a7abd5a1f4ed503d90b62b73d6a3acd9154e38dd9eddb171f5dcadf86d6f64c5834e3e43995ee8525a0c701a4e17086a73acc9eeea713ab023d3a3b6cdf8076427bd7ff5aa89941443c515707cf467cd7050c5d7a932d8fd9172969ecc309e8c2cadbd8e8d89ecfb95af7135b71d6a9aec283a9c6a859c283bb33238922b9fcad048263fccc78a711d34de233333853db8ca1d448737c1cc84c6546c1fc7a2dc5b82cacf5856c78cd4d0aeef48d798ea39ec7811537a7da0763afbdc87f78a50145de1e9eaa4edeab0e15715b14f067ddc69559ee1cede9d466af0c1990baa9dc4cc54d28e64444b483d45322b322a3b0f737146cd53fd223be90ad5172367ebc87e39e29bdc5d426ace13aa46a67332d911db36b3e7465646f6955d317b5e234ea7a5fb7f6c377e50cce97e6a54b9195f595901a9fd4a756ec432b1a4f70abb83a3eaecc9ae5294c6be3fa475c7d49e2acf783fd96f15722736e0d144f371f2fe48ebb3a7dd706ae01f35ad697de32b6d676be484f4299d1fbe43a42ba88fc9fdc4d3fd413ba1ccfac5ead9509d1e74e6c6b6d09dd53755e04c9f79e913359639dfa49e7ac7abb196b377eaf429207b4a57fbdbf89989a829d71de91ed533a6b357249c9dd0405f09876e47171fe5e1c739d3bb61af32c35939c6ff8a0c8f8c711dd6fad45a9f7a27f13b1a13ea6a385369c7b841757e9fb316737a24e078dca924fd8e4cb3ea3ea1dee63a1d1d31672f93117f56451c73ce19e3cf126b5326df11b57fc7d464cf39497f8c9f45dd9991a073b6f8d519983effa5a68492b6f79bec1dca182577f2a98fab9e95532339828e44b9ea1a0334d3a1f56524626ae6e30ecdce5ad499ce3f676675e579fabd233d7f63674f9e567f5019d19dacfa9494df99f0b0f37ef25f8adf54bec6b2d647ce7753c9edc892f23bdde5533be1885442ed53e5a326cf50b94a5721aace9b58e6ec134e0f1b6af7f8ac339bc6983de34f974bc3d9758c4c95fd6a4aed6e31c7744b5c758bae748acc9b42fa9dcd54eb66a63fc7e74277f261aa68ed8c8fce49386b87d25507ce7166ddb6d0876ff84f9e9b3ffeb78e6d69ac7e5dbd496dff1f909ec167656e6473747265616d0a656e646f626a0a31392030206f626a0a3c3c202f46696c746572202f466c6174654465636f6465202f4c656e67746820323233203e3e0a73747265616d0a789c5d90416ac4300c45f73e8596338bc149d621d04e2964d16969da0338b6921a1ad928ce22b7afec8629546083fcff13dfd2d7fea9279f40bf71b00326983c39c6356c6c11469c3da9ba01e76d3aba72dbc544a5051ef635e1d2d31454db02e87751d7c43b9c1e5c18f1acf42b3b644f339c3eaf83f4c316e3372e48092ad575e07092492f26decc82a00b76e99de83eed1761fe1c1f7b44684a5fffa6b1c1e11a8d453634a36a2ba90eda67a94e21b97ffa418d93fd325cdcb5b89baa7a2ceee33d73f97ff7507663963c650925488ee009ef7b8a21662a9f1f44f96f49656e6473747265616d0a656e646f626a0a32302030206f626a0a3c3c202f46696c746572202f466c6174654465636f6465202f4c656e67746831203132373736202f4c656e6774682037333037203e3e0a73747265616d0a789ced3a795854e5debff73de7ccc600336c83803203029620289b9219ddd016d36b9a0696b9818aa920925b6aee2262aea1b9dbb512353d9e6b29580aa5b8d4355c5333c3ae5d9728cb6b69c01cbedffbce0033c8bdf77b9eef79bee7fbe39bf3fccebb9c73def3db97f70c1000f080d92040dcc8f1c3738ffc5a520620ca0833464eceb7b67f52f303de7004ef7a7e54eee8f1a3efbdb213401f0d403e193d6edaa85fa6efb20178560184e58fc91a9ef9a0d74e2fbcf71384a431386128d3ccc4fe3d84f663c6e74f9d33f885cdf86c570061f2b89c91c367cec99f0f6034e1dca1f1c3a7e60a5ef40fec07e2fdd609c3c7679dafebbc0d202e0de7b6e5e665e5e66f59560360b889d7bf01863b0590df1bb061a877f7df205807ec77e4177327d6567dd3775d6db0fdbc3e4e3709877a762fffe173da71aa11a79ead0d569fd3c7f1955c7fdff299abb00c02e045909cd7bdd8eba81f6880084590d97833a97300f5862d741914883fc11471164c90ae40b6f80764912c184d3f8105f438440a7910222e86be6425b4a58910418361b9f03cf8e0fd931076200c4178152111611dc27c843e08b90899e4175848f6c223a2199e113361add809160ac7a0b73616c64a5d71ed3a289112618af40494884508e3703c09a64bfba084c6c07e712c244a22cef785124d3d5ec37969364c968cbc1d8fb86f170f433fb1123a4b715024592044db061ec767ba89a7c05b3c09836828ac149e810ed8ea85744815368048a7e1f5c1f8fc4c2812e3e015711e0c151f8721f41874c7b961e2182822bfc25272abe1b0e885edafb0412bc012c4a7485c0e2ff3e78a6028fd085b2bb61b412f664381500d368d001d85fbf088700202b04dc77b52c93f610fb6bed2449887fd25e230e4f5fbf032d2932d5e8450f223ac126fc260c46f94e65978595805ab840a18254e803735cfe1fc0e984aed3057ec05c3e91df813420f3a17de100b609d700b9ea201b00a659a8ff3d385bf2094c32894e7404d22f4d374831cc4254d3bbde1ae9806198c7f6219bc2f7e064b3415d017ad6796b8029ec6b55e1637c0dba416d66bb7c2186d1a0c178ea01c3e84694225bc21a5c2bb9a27603979078621c49135d09e9e8331f41be84e2bb0af40211d05e310321087c7109724d481a1e24a94d104081597e07d885f13fe789deb21ea95340401f5a15540fde0bae10234a6a11af543c6f616c28526bd68094c275c80eb04937b6bc0f40075c015486d4325f2a318dbaf103e69927f4b40d9bb02933d1eec27382104cf68976418b606a47a1b88248df91db082c8eff58459b00576c18770182ae12bf807dc8106d2990ca095f432bd62f5b30659db59c3ac29d6346bbe7557984f43037f8327aeb005b6e273bba11c8e4115dc805ff0b9fecee77cad81d6107cae9bcb73a4e1f786eba069f8aca1b6a102a0013d54c3f708831b52ecc7ed1fd9f755cfaa7ea37a7af594eae1d5e9d58f7c77f7ead287bc4e07842e08afc0bfff95c00ed8c9e9da0d73603b1c8052288383e8753f85b9300f0e21bde550019fc17c58009fc311388af41f83e3b01016c119380be7e03c5c80afa10016c345b80497d19b5e8142f47bffcfc3ff390f8d3c2a5c74be29d2e5ad8473c6014c87ad08b31044842d4e781f612bc22e8491081f3ae10384dd0887117210ca118e724a003173c01c8463085f21ec41a872c27684d30817100e207c8dc0f09b8b700958bc03a498453c80ef103026433502c67ea41d50ea0e58887003e10ec209845f9cb008e15784df11ce20dc477880508080f11ceccef7a94e2844687002be9b7476002cc1b63fc200ec17a14d573a00dec2f6b203302603bde200588e2cf445f0c3fe0a6c316fb006617f15b62108edb05f8c6d9803e01d6cbb21a4607f1db6690e800dd8e63b003662bbcb01b009f31a1f07c06619a27bcbfa7ee97b09792be300695820cf6fbb572f0c7d354626d1566bcfec34990c8b9169b44c1eb5c5c842b4b5972c44f4ea9f1e9e612db4163e9b5968ed651d333c531623788b17b20a3362ad320c48cfc6f38be936393523b8a99b95919112238b6c19912f5398810b8c752e30962f80cfdb636429bab7551622fba5bf902ecf4e0b9653d332826d366b4fb9bc5fba5c9e166ccbc88891354d38623b333bd081ad365ad63c1a23eb1c2b0c4897538365c8282c748cc26df2ecc2c2e042a4a0715cee3e3e40a0e544aaeb0472a0e70132bb1fbf323bdc16cc26c26de136c430232d46d647f71e90de1351b4218a8668b97dcf18d9235a8ec0c618bd378a14580b07a497a6a2858c3ca0838217d34ba1bd70333723580ec7c5ad05074cd034c7a8f48c96530b0e586170fade08480b2e8508e1661ace1b3bcad01114e2453b12c59be079bf774a5c44b009741d613f79e6b14e363feceea7e9cf74edc07b42ffa7122202584f7cb54ff78e6d584f4a8a0e6be3cd7a9a89437a7509663ded8a29afa484b39e6ed6e87edd82584fff62cfa4480beb19260feb9dd496f53ce665f675dc67bca4148eecce7a9e7e664fbd86f5bcba77890a3133641493418bc83a64a4c4f990498aec87a77e7e245f99cd4eb97ee475c53b04e77242c8eb008fa2cece469b9a8a3e2913fac260b4c7613008126877f4672c77f75387811f5d0f56c1061e620af8894bc124c9e0a709047ff23e9835e52cbbe5bf11ffe1980b6bd15396111d49220bf9f10fda8be6d39b78a8ae87d043d824dc15bb8a53f1a896c2a41e529e745caad1a468266bbed406e291afadd61974cfeb66e8cee8cee8698b63bafea221da5068b8eb91e671c8281abb1b0b8cd5c67acf319efbbca8d728afe3de1aef5cefcf4c06538aa9c054650ef85f3d52feef1d283d89d525420794ad80758a1e6391374c548c26b3d9a79b6c34c950c5ce1a7ed6f333166f32f44c97696cf05e1ad223830f000760ea91a18814f0494572345a47a3e3cd5e83f19e6274cc78f246a6a6bd5ec67b719d6d36b34d30136226828d24129bd0c1de9d1e49527f56cb88f13a15549550bb5d926bb7495afb4c3aa5ce4ca7da5fa5af16d05779946cab5e2509184f756001591fab8892a163baed62f0bd0c4600c4c675f68d4a4a4e8cf7f7d32ccc7e55fc68a47af599794b3e589175d21165236828f5a41f230fcc98d3c62a84343e1fd799d8126dd4530d243769e81abc7779c36f643246473d043b18a145dab58c762a353f959c90d425005f1716b9bc5bde638fe5751b1e979a1ad7a9470f6045e1a4861ad1201dc1b81e0cdd1cab18701543233b051c08b8a46c3029e6265c64c1a404ba6266a2e161544834f9c477f1f18d4a880c0fd368cd7e01f15d929245c3d59a5bd5e2d59f7ebc2a94ce5ff6d65cba78c9e205021daf1e548f208be3ef93274957f5ac5ae9f9e3d717aeaa176bae9dbbce79b10311bc24ed476d7062262132d2c382068949508c55842694142ab0499467b8594a8c88a797cad425d4a7ad787af1f6636ced2198bac423dd16e8e358db84cb991e5adbd24c32ad52049385bdc96452f4cdf326936cac52fc2d26c7fb6c892429299173c03f3ca17d3ce33d213631bebe1779903bb07052e13ba544b8f4450daad474facd021af7e6e681792b37169d78707eefd7ead76a06a77d1dca25066da12d0c77e0471025d2889f270e3c99548849119b89d67a12869f3656096a9e94b4416cd2d3249babf0acf835a3ae35c96dab50237d6dfe36210945e7ef87728c8c8a0f6092e34468b5a79ea3b7ed7f8d7eade0d8ed7f5eaeb867de635e3e79ceaacdf3a7f5ec8cf9f0859deaa427d43faaafa9f60b9fce7c535ebf726f6207d4abf9887f88b417fcc0867ebd99a90f510026171d470ac049817f339a887488abb2f9876b446d13ba909868c258890ae7efe7445bf873d8c506f09b74ecd0df7f3b755aad272f910167866e097d77dacc652ba4bd1bc507d7e6abf7ce5d53ef9227ed4f9395a444b2e7e60d4adb77e5c0dbc5a59cff7d503f2290ff1accc91fd63d2e0c86bd6472553a702a1d21e1cc56c508fb7b9fd18cfa1ae1a2f44ced0129702df0ec391779e3c575cf8691dd295f7f5cd2bf717d3d0ef44cffa2f4fe8c1f51b1ca57516488ab5885a028e6bebca3b874f52625b49961fe2625cc95617e1a6d00730128dbc484a4e4487646c5141222c3349c670495d52fa04b12b2ae66d288bc050d5567ec73f286e7d65494ffb4667ded9a55f3e6ae566f8f5fb4e0ea82423161fc8eb8ce9f4cf9b4fada27930f758edb31eec0c58bf55ba7af5bfbe0ad6562d0a2fc9cc58baf160156450bd13f8d17d3b08ef0f91d88167c1aee0b93c004cd0a10d803d1e37e08735ea92df25b8b15712fc71d22de21367284fb789373a0c18186b1472f524e7dac02cd9c31f049e62e857012cf4421087fb36f5a5c49a3b7d398a3f63ee4ce0332439d8f4ebc1f0da2255c2678160bf0fd5e583b86c2c0566caed92700b7324b2c66634d2fd57973d780da6c6a960371954a5ce778b38d7b62a730080e93124db6089bc3d66c25e4ca4f77f233272f566faac7c8e30bd7abdfabe5246cd69aa265ea75493e523e6a63475be9ec23d5b4c47e6fc974a25d376bdcd4f18eb8310575ea22ea5408f474e0ee81e87a3ce4c53d4cb277159e151f375fdec6752487a04f201a31dc0ae6c4041f746160098f445f40fdfdfd7cb84bbf18ac5efb5955d5132b8861cf4d1268a968f341f181d395ca969d21e4d48d3a9247928abe2009efa9f61f766f507fa95bfa937a73c53e9433e37325f2d903fc1bbd7aab5c66bc333663857cf56cc149d1c782f62f6a05337a82c4c4041a5542d61f22ed3793cdeaa523674f5ebd7feb82246f574f9e18724a3df93e957cea9610bf86810f882f75f08ce1d28be3e2f4505caf1a31e1eac7e4ed216a98683d5c954c164d0a6d1e694c8ace2d509bd1a33a40a8b62fa6dfd68f1456d963e814bad55ebf519237a9d1f8fee928b32b28b350cc4dff3b32fb57f157692778300cdbc5eef36e17da8e0ed9f744bb3f63a3b475c12902051ad69e46a1b344de59c2a90d03b6539e66e6acae3ca7de9715b5660d45a309b84e0242cb93d4ab15c748f5e171ef26aa7ba8e9f0d8ec0f48c2176f9267c9d85b17884dfd556d98f29bfa5d5c37f2f406073f251de7e7c056f8e996563489d995d3286596d9a1356fd6933c25568f1e8fba9080b1dc660e37a3f0cdf192aec21e565e4eaf56204b874ab2fd2d9ac764ba1f4f53780ed9f6df24877cad7832a5bc1c6fe5ba90d850237c89036fe8d44ab4e2ce9f6188e849ae8a89b28e373b1c6bbc23dd113c2aea4e5fba5bbe78ee94554492ebfe385d73f5f8cca2e2454d3a27499c47f9adc4159ec0b5eaf2b86a306d04ca624caaf9392c96c6c2742c9ed661a25406ba214a3740866924e6fd527d9334bd348334a3b06059a829d6bcaff958a31f82d86a390351c2249c062bc8c04537ed9fd3b1ffa0ef95aa7ec8c6385a659f597fb6c93e421057093afc1b8fec6215a8654ce7e3c958aad42fadd8b8917197afa3e9cf7d6b462bbc751350b32ae04087035de3c08803237b1d019127f48ec6c09bb8ce7a1a8f94f9a2b7f7c5966c2557c8953fca7dd4b0556ab82f4ab9ee15711bbafb649a599725aeb56fb69f68c28debac1e9e57888199512b62e188b4aaba8d468a19b7a3cce00d532fc2184d1c8a1a5e5141bf3b2c8ea8db8488bc238e463f38b9a146d2a3ed9bd1fabbb944c4871881c98fbf9bdb714b85d0013aac9afb69d1c73f8a67e25a6ed83ec9927eb9fa40dea5febe8aae241ebbf6108fe587ab0e7e7c5a385b5af6a5404b2ea815db4b48b753d967c89f7696a887cf5322107ff5c7df5fab53af116fb6f9e5f4d9cc500ce00b7d14831f4f490c2ced856626b44c8d140f813cec3605d7c883f82393d01bf9fb89e1ce28186523d9e5b4cd1de2addebfaf96908c75dbb62d5337d0143b468d7b27cefdb071c5e2b91b048ed776c4eb04d72b0b0c57a4c036ec7d92490ea8fa4f094463f6a9981c0984c92d81f0e03ac5781de0eed49dc86ab4988292467ce961754705f9fe77a25f358f0c3a659f40a296956c5dab5ea67dec7f95e4ea0b0527bbd88b8df4f6ea198b96b36d7fe8877e3f0f651f8958435487269d73739741380862f86a4cb247158b305ecd184606f19014e996cd0799e4d02a3cbbe77e2cd9635548005623bc28f10b1059fec1f4a6d1692544d241f7af11df2bc53fcea9d8fece5b9bd790d7fe3652adb951aca2197ffe97b5ef16d3c54f7fb576d7b5fc2fa7cd5f333327e38d516f6ccbd97b7ed2f137e7bf33e3c2eb0edf86999cb886e7709d5a21a84900488a6b20ad6a642dc6a0356af46135461c25f9d4fe2cf96cc2358b90573b704d1fe8ae48be7e4dbc7273213c5d6ee9ab5df8c5144d035a6d1844a1f3735409667107511baec4df51afd343bbb7fee54349ae0f3ba5d69a28a1df0bd5f5919bf6ecde247cc3e8c2dc54b4f35aa0ab025a5d130e6e898b9bc368720b4004ee0f2278221a4f97902d67ecd777d87f38dd20eeadede7f0418fa37ffc89d398d18a41b9391f330ecc6e11b551a5bd71e0cdfda360609e48e3683c79830cb024230a96645f864794962143fe1ef208b1be4bda7408fdbe42ddbc473d67b1a827f6a85bcac917e51f0a0fea75f211e17a6d3f312227a7ee1b1e2809c647100f625f87d27e98096ef1ab298102223acba27866f0c8862c32e3b26a28570d57e879fa4d7d8efd1a0d1556309b1e8f71f8b6d817da61cc99a6581e7994a7da26d9eab4690b2e6a096c2d5a34e5e7d4c22383076fd0ffe0e3ae99ba8f87c569dd2e15136657e1ae99466494a3586a1f1fdf54cb27b19ac962f6b3f847609c4f0cb7a229091d4c86397fddf237426eedcb9f387261d9a4a3930f9e1323558f973684af5077e55bfb2ffc6849c9c181c327653efdc29af483db54afb7d34d4b073f73f5d84b23905ea6df560dfb42df0632159fa060869b8f4916905e5d6c73e40b6ca159ee7590a4137830340a8ecdb216e9bdc53d648487456959169064f531f3bd1aad99998468bd5efeb75cfd8ed25c5278ad74e5e2fdfd06ee5bb09a9a1fa86757ccd480fdf325ea05d52e7d7a6a871abde314eac22b28ab1a94555b785631b50b6db20bbe9512d82288bbdabc8ed1c7364efcd8d90d3dc6da782f56d663ede1e038af3d34587b04d01e2357ebf648938f4ef856adcbbfb4fae35f757b74cbb297ae5f376feae021db33491481d04dbf175cde9dbde88bf2f083271df16b28e2f90bf2d81b8290c781c1218c49810e1e6b629bd91ad822d570c75f128c9cc7bc613cf6fd97db61be09187d2dc8e170a64634d1c25c4eb2999131b4e6f0a19cd21dfa9cca4f7e2a5dbb507e61c0ae82b534f20f123b9726d4427e014978a03d50b589fcface1986fb10c4fd9fc8637fe472b6a2e35c66fc6b8c711cbdc0962610a4e3db2841b1fb0e077d158495807b29d55ca22abe8e3b75eeb14e62bb2a9cfd3e667f1bdf0d4ab6684898466b4b8c8ca47daea8356f7c3be7ec6d7bb8f8d7c21105f1130bd44bb96b7d683b5d811fb1dd0ddb6a5fa6de56ed7db61cedf7a7f4d3c2c9bfacf25aba9efb8fee48d4498d3fd23352f10eb034e90ca7a39dab9207bababc9614328e13578572290fb174947dab50b7589d189e18cf373b2c5a8712c5fb879b6fecdc59b623f509436ce2e011376e083b97e5ec3e642ed6678fc85b563f10793e4c1d24dc459eb781f6304f098b88641c0a6361181e468fdb60e38067e93ece0177550ecdb1f0ad1a0bafd2dc0a39c59f5f632eaaad9b3a853da44ec9ce42232a99c7af44a659c9cd8a35ec7645658ebee48f33af573f366ccaae456b72ca0ffd5856bc684fff813b16a186d949c7a2a975d567ee66be94b36a6de190d9a4cb3ff79fde4c7e5e7f86c9a50840f80e6dc48cb66cf0f1e57231c53607eec016d1950fbc70e0d55c94c8d4a4185c5d4d52bc9565e3918eed60960ff77ce32879492825d939830b224b4b85fd6bd499f644fae5ebb9c3fad6db350e7b5d8a088dc1fc480023f450349e5e6c6d4c8388eb7eff431a414db2a10a632256406e2563bcc036c0d9fe3719585a7a3c795cd7aee392c514121ad3a3c7e0eedd81361c567b930c7c9f11029827b3043a36796570beef61078c227629f8d9b708ff2ad93f563149ae2987c9161695e8483604bee1c691e8adfef0788235a1c793bec98949884b929852f7ac7adc67b5eea901e241121afd04470b65827c108dc81323bcee92d0b673754c8d58fd8b5a51c76b41ff1468592d9e0403968acecb0f978a951a4373b198ccab4552965f5a3a92bc704d7d995cb8447e9ba6ced740fdd0292453ed6e2fe4b6bd014f0335d0a2f66ed74250ceda1b65c1c58dcf2dc1fc672a8f235314d1258eb8d9d9c38e2eb005b97ce08703bfc641300e82794ea4f3e0df8278c3bc85cb265d204b402dcc452439f535a1515f135868c48425459a72f2effd933e9c4c3235a563678e2ef028bbf1f153a562cad4a2dd7d87a98bec1de9c9fc496f8cb177a1476bd6d7df1653a0c9a6902e330c503c9c36f5105d6ea43406f496191dcff6d12b78b85a97a5a57991c734338ebb98979852b0c1d5bc385a685f2f63ce9180787943303ca51843da3abfb0f9bad64d2d83a16bb8135d770c997f62910230426b346c3fdee2d7f4f940f3f2ccef967d4bccd3aeadbca2de29fba068e9fb25458bb7d3a8cd6aa17a4af5dc545744bad4ebf75dfef698f2ed65960fa9c3c4761cb72098a0f83a62b56f73ade9668b3cef77e39d4f0ff73449918c2d32a37f1db51d991153790b0f7caea951bbef2b8e4e2c2dd14f3cf1f9df4b37146c7f71c0ce051ba9f9be7a66a6fdbe74796a917a59ad15f79f7bdb5eb7fa2ccf39d461c21d271dafb5c839fe7d0ce18aeed392fb6ed9c77f4c3d92d966c843a9c7eda3e5393a4cefca8edc2addb8e0bd97d2df5db88946369047e68caf8da4e254d2b95e57766e25f55976be517fe91aa4c1137a29a2977793fe72836bd52e9ba28387ebf6a8a2f7707e178974181467b085ae79b4f3c74f96ee135efe20294458ad5d6f073165e60a2ffe6e96b31dc477b31a59ef5223bb893c0407218c3b4288def11544f6ac62df424c6efc71d93f0931c9b62a3c2bed5d059f10d9bef19b488b2a99055cac92790624d089ea8df7fe7c6dcf811fcae68cc8ca1b4bfc770db8593af7f8c45269495ef69b24b4f780ee2fe6f75b70e0d0eae727a43ffd545a8f41d35e5ab1e795f7860d193f1069d237d4d041522ae63e43152f97dc8797508d34f9e2c0b771e0f29dcff1f9986d8b377f70629b433a5752d9273e1fe6cfcc2ccfe1a2f7e7850ccb83cc64d1c993494f5abb3edb73c6aca347a554b576997df8934f1a8bfd8a0be9e6654483381620dfafa0a330a1cfc2cad17d6fc20dad56430f4ffd79e8f1a4ad6404113c81613538534a5452a1c3b8d31f7e444a8f9feb552abff6e689a3b4dcdef3f74d826f5da52336d8d08796213eadd6de6e6ad7b242524072abbdc9afc4f8a93a63a93af5d33ae189ba4ae60d09740490ce62d708c31489671aadacefa6e36edadf7a39061edce9488ec6e0e1c483d7de0c155fdf78f1b9aa52f568b1fa470314ab9507ced7bfdd203c56572924d47f29a6d45f101e45dc1e41da4f226e1e30a015a478f5df6a25dcf4370030f04a58e36804606144d16b1c5b94c497857541086765f9fd5f2eaa9bc8f80bb5b55f93f1eaa60b740f5962bf65ff96bcadbe46c3a985cb2240ed2dc8888f376649c0ff97d10a5a3c2774130c4b96c04be2ef762d43d0561d58d0f0a8a8440b96182cd3f8b9be52ed937525bc679757b3c31e51679d24de42c7ba50f5aee0592c3e9f3541ecc471891303c8d39840e8c0a6e8f486265c1a532405f4bcfc77f9c78546f34ef610613f192e063c3377f9f2b999ecff86462876fe1393a0ce83b34f91e726675fc45eb0b32fe1d1d1d9d7e07c1cfb27afa8c71923a43afb146bf9e79d7d96c10e76f645ec8f72f62588863c675f0321b0c9d9f78217a1eccf2f0eb06666e5654fcecab48eca99903f70c2a4dcac91d9a3b2b3325b5eeadc292e2e0e27639c93316c12fa430e8c40c847e80f59301af3c771301cdfe87ea5b93f08efca8349908dfd0960852ed009698b83ce78b0f3637c8ef512dc9e8b69b1fe189ccd875c4881583ca6f0a3135ec945188957b3709483f78dc6abe3f06d23716602be370b2116b9f62c3c053da12fea7b4f5c9b63f15fc026d906656e6473747265616d0a656e646f626a0a32312030206f626a0a3c3c202f46696c746572202f466c6174654465636f6465202f4c656e67746820333038203e3e0a73747265616d0a789c5d51cb6ac33010bceb2b744c0fc1926227188c21755af0a10feae6031c699d0a6a59c8cac17f5f49eba650810db3b3333bec664d7b6a8df6347b7793ecc0d3411be5609e6e4e02bdc0551bc205555afa15a5bf1c7b4bb220ee96d9c3d89a6122554569f611d8d9bb856e8e6abac003c9de9c02a7cd956ece4d177077b3f61b46309e3252d754c1109c5e7afbda8f40b324dbb62af0da2fdba0f9ebf85c2c509130c734725230db5e82ebcd1548c5c2ab69f51c5e4dc0a87f7c8eaacb20bf7a97baf3d0cd98607544fc29a1dd31a1dd29a1a24ca88c9d82f132f9ae0e875fbffb78ce92880bf46dd017a7f03ddaafc34a2c36582c525114a8432ee7587cc41674c90f986e3543ae10a998a3bcc0e47bbe66c574711df16cf75dcb9b7361cde9b669bf71b3dac0fdfc76b25115bf1f27919d71656e6473747265616d0a656e646f626a0a32322030206f626a0a3c3c202f54797065202f4f626a53746d202f4c656e6774682031323838202f46696c746572202f466c6174654465636f6465202f4e203138202f466972737420313335203e3e0a73747265616d0a789cc5574d4f1c4710bde757d4d11ce8e9eeea4fc942e2c3d824c6b180c4078bc3c04e36ab2c3b687790ccbff7ab9e9d65214bc0c8112086d14c755575f57baf6a2c9326eb880d594f29910d6402fe45b239904d647476b827c326116b32ceb1989b102db12593329e33596d32314cf143ece19423315cf8007bdc6a1f88616a13fe8ba90ee4344c6cfce5ed5baa3ecfdbd1cd6533a737a7ff4ceaeaf3c1215d79bf453b3be5f57e7b33eb88a9fa6d325ad057e481cc4fc894ab2fd773aace6eaf1bb8aac7cd6258b8774cd5a7767e554fe164170baa8ffb30af3efe5aae5fe47afc911c55a7bbd4cd6f9ac1cbbb6fddfbd3aeee707b5963dde0af5e34872d72a94eda8bb66bb74f9af1cdb49e5375d02c2e9bd9a89e75f25e9244199789bd9b5db6a3c96c4cd5d1a8997593ee76fb0322de5c74259644441e67ed1fb3090c1bb2fdc696a994784fc6df3f3a38bd5d74cdd5d1ecaf96c4f6f7f9a8994bd43743d42d2c6bc6934537bfa537bba3f6a2d99234aeafa7cd152c107467a7783a6bdf1f1d1cd7d777096383a558125cb63a9f5c77ed5c3052325ded058bc54432b7f736507d414934fe0021c53eb3acd4058051799f7c46a54c90c3cd41d99481101bbd4a3165e033b032897ba32c90f4c1286fd939c1258aed2c0ca2c77be0ed2b056f1503859e82b54bffc1eba5bbe0bd8ac100c43ea45536211965c42745639564006447a372b42190f746451f1356dba0b267c3e439290dd78e5264a55d0089eed686849d5160441d2218c4b5c55b6665fb0cb0dd1073407e2ea93e65460558bb0852466575d4c2d4a0b5f225d839c1fa2b7954323b24528aa1d9a37c48bff701e6a90c8f0e8fb28a495e324a0deae6b8be0045c1a6ac2f250cb243b2d8560cd822791d9494ddadbd4d3128d77b5e95c447ad589cac395e5596e18e4bdd3df61f60c5a86008daf455b525141c2a493ce249efde65586b8f32385417da032b1cbf4b0524d85429cc397e97ecd8150a76946d5411879f00c7fafa433319ffdde158b4cae27fc9d48eb6ad73f02a27551d4eebf1426440b0bab7d77e4388ed88634826380353ec2fe7a0218566382503515be2e5bc5f78389902f556f79c90279feaabe6df5c3deaeae9e47277369e36c2a953b0f64f022024bb3bcaacd1ec31f6efb5d3d126e961fd52e931f1d9d2d3077f1ddd61f31374272b5d04e47f441070ee05f0f70094716b84858f2108bcd88ca0bee41be1631c58990a309f89a1f7f54d575f4d36e2875f8c9ffc347e56815f093bee87b1e3b5de881256c926f481359440d6542852750713c82b1ac16688e0dcd0610444831d9a02a456262763d84188e5f63e3ed2437cac4aba111b505607286206fb3179e99d6d0448782940d2b3f56588fe4a28892f5098a4d0260b057a85f1ca98686468715e8614b444ef5d180cd0947b794073c79c21e34b30e88c39638c16039fd0f28374a0a1e5b355d14873c44ba0453aa759efc36688c00ecfb20c241e42c7a58d7986e485d2ea35060cd1378b1ec705c37aed299ce35eb30c61989d94295d583262c69ca34b28ed5412f8a39b2354845e960018283024b8e8d0bb456d2356a4241f0c3f5167f195f240680b651e2a6dc0505892784c69e323423b606f9d4edbc60e84b206338a9561e89984da9d4feae9f1d9462ae59752c93d4da555dcd72191d33f4ca2e8456a9d7632c403621a28349ba0a3bdb251daf73de8e083c16a50620d3b66d0d7cd020c7a2d31bbcdd62d874aab2d6656780272382e41740f39fc1039ab526f96e0583e0aec7f74e7ef04e62b0e656e6473747265616d0a656e646f626a0a312030206f626a0a3c3c202f436f6e74656e7473203220302052202f4d65646961426f78205b203020302035393420383431205d202f506172656e7420323420302052202f5265736f7572636573203c3c202f457874475374617465203c3c202f473020323520302052203e3e202f466f6e74203c3c202f463020333520302052202f463120323620302052202f463220333820302052203e3e202f50726f6353657473205b202f504446202f54657874202f496d61676542202f496d61676543202f496d61676549205d203e3e202f54797065202f50616765203e3e0a656e646f626a0a322030206f626a0a3c3c202f46696c746572202f466c6174654465636f6465202f4c656e6774682031373034203e3e0a73747265616d0a789cb55adb8a1c37107defafe8e780d7bab6d41002333b5e3f272ce40312db21ec06ecfc3f44972aa94a7d596962b3cc4edf2495cea97b8f9c45f87b27c33f6fe4fcc7ebf4758a87e2c1bbc5aef3eb14efbf4c7635e5bbde7d61cfbe4c7f4dbfff34ff13a67870c64b29bc4ed3d3b377f5f9b0989ce3df6f1fe77cf0edcbf4fea398bffc1be6955299d985e5d2c1b74fd3e7244abca2b553f9caafe1ef6b164aaf0fda0bed82c828ac80fff5de4bf3ec8f1359a1c8e1304b2d8572751f224e910fc214d7e7e9fd9398b59c9f3f4fb27222e6e7d7695dc289b2e1f8cff96721b416c25e84306bf85ee0f806e7d75fe6e7bfa70fcfe7332ab9b2298561c3c2be9663419c4741641868c3c7e7c585c9e7e9db056144be1eaf4541e3751b858f827ab81f04b7aa8e4ff7151cc7791fc9dc1758cfc1780d00b8e6799b8fd3b52bac21f227cd03f2c679127054fe4798f70ae35d96373deb0064973f519eb417b12faf35205f98cf7ca86ba26c49ae702e61bf3acaba7631b1ac96513142609006462158c673f2ac046181a842d29508ae08614b05b1100d0415200410a31a4520cfa77961ed5639102465814c97e79082108dc02f9528aa8089402088ee39ade1cf9503ef47f9ca9e3bc90a3451d887c80a8e248f3ab50c04df03a1b70a12821db575544b11dc0492ac324445b044932999087a5a1fdd942324ddaa0c6871e579539f4dd60572c5b5d3f80b21f346d6c5f91d97855aac547d642d9ec1be256b3d26cb2cfba34e3dbbf6863ad403bbb3aecfb32bc9a61c11df481c2503c612f4432bc014b98c42a28181f1caf02d0d8cbbe08a61d230a70d40c7f019d20b1fe3650c80a7b228eb983023e66274094ec41fdcebe7a80f3b0b1acc3415798e060b505b7beb0b0ed45f26fec18f992b5569f08920379a24fa3ce377cc1ffd62bb57936543d3cc7bea0c468e413f44d822a87f235942d2b1069824f4a502afd0570c06a4b279579fb774acad40261bd0f97e9a4fe575f5851075cbf296b140f45e704a7e0d7d14093cea430e6e715e855914d8d926005b584f10254cfbeb0c488e413f449847cf6828a0e8a889634f9b01eddc8bb447a09674083511b57d0fccb7a235b1cc5d80add8a68f0828a6b754b9deb0ca2223cd7eae246025f9fa48f296c13d429215e83cf7886937fa1651058827020e49af5a1773b7b5f4b91b938a97bac5911067d5b1933a19655960bc6e03e37910b4360441e11e22a4a1a2ec0a8242b38587d8773f340842d5625cd58223132a15126813e691a81998afb20aeaa408f85ef92cabea1e89d6bb3ed3b492c13c42ce52abaf26521f6db6040c086425b358044ff8d14775543fd49f6e2a200b201220ed23218604c7e2225a121a225966b48a8d9f6ef758e7eb2344ad0cda21426a85d509dcb9c08de62ffc5e2191828c3e11d344040f82d777ade268258655d7de7d56e656df9daec5359eb69e02cf873211c9281822cea073dc151682d011981bab42f27dd56e6671901317a24e94e1ad804a2dc9d0be0525b1ad1f08d89d81d26acf60da14a54a1f83eb0e28392d659d941879e856ae82d9568f3eeb437dee92c608c7c4d9e8d5c9d69db1b8090c4f2e2b3c961cd89228c6bb0ae211bb56528b664b3502aa034a436e1c8739707472edb3171974800c13faa0083ccbdc3659a1278c1e3509dbfed0415a9ee686de4eba86f901b4b64b1852a2c91ffa0c4169b6fd31b0577517d8388c6b8c1435216a5d3e8da73b8db2e4557c264993846bb84371159b3679298431e9c2ebc4a3966754551e5a64b75dd54da2d578b4de869c5f199c43e479ec228d91578625edaf2f57f826efad73da8ec571f7b64b64edb8c86300e9e52e8070d829401b9731d097bfa7a786a5440a38980fd09e961cd23cb36ab6d53160adbf0b585b6a3757b58299f71be502038e54fe6d2f8c06b60150b45999982375b43f6e669cc4e355aabda482b4bf32af5d330636d894439caedaddc36919c6ea71163769168eae99f439adaa5cb675780a010bf1362c1939a816a8813c11e3f95fef78fa62b1b10c923102ec7a1701386c37d93875e3e8b12cc4b11bf7622c2eb619213616daee3cbec1146d32d3342848ff90f5246f999ce4d1fc89d2d0dce052c7959763eb919318e84f56683b4b3760c463669e7667b30fb707594d4102dff9f6b92a651c5b6ac0e9043a56ea740406b33e2763249b6244c75558f00e1dafc384dad105f6b30c3464a2ab8725ffe91bc9fb73d0a117d61d2f838a2db6953638ba62739d0dbec53148c708b4f7a4547598500bd9a816bc89b64312fe2e069d43c93d2d89f83b05c550b5479b8ee4c7471252aa966cee683b238363300c64164af883daeeac5da1a4dc6631f11765ff013e0acbac656e6473747265616d0a656e646f626a0a332030206f626a0a3c3c202f46696c746572202f466c6174654465636f6465202f4c656e67746831203238383332202f4c656e677468203131363537203e3e0a73747265616d0a789ced7d797c5445d6f6a9bad5dd210408fb9290dc2424020909841d1112485806d9032688924ea7491ab291ee107014c2280261d171610037405404952620065cc05d51c40d3790c565dc051d979184f4fb54dddb9d054667de77be7fbe5fd23ef79caa3a75ead4a953a7ea36048911514baa208dfa3a0aed25797b27de42d4f103a2f6eb1c0b3dfafa92b717120deb4264ed3bb724afb0fcb2877f26ea954f64f1e6152c9efbf19b7f7612657c0b2ddbf29df6dcc3437fb915fc53c0a07c54b42b6cbb03fc4f408ffc42cfa2c35bdd29446c085187cd05c50e3bf19f514e1987f2b642fba292166f84dc8e768c477a91bdd0f92ccb1b4e34033ac35a95943a4bbe7974c1274449680fbe40d276fed6b77fbef9b38d73da0cff39282c88e4cfd64f2feb2de9e35754bd727ed785bcd0614157a2d802f24c09e0691b5137894687d2f95d75fd438799f5811f4b4f5963e989c748729085388552128d2212211857236e35bbf0a10178f9fb74ad70534760bcad3b955b6652265b41b3f80eba5e42eb4e29e2112a85ec0e9453410fc8be909f019c02860333816e66dd44c00e4c9765c8ee977da1a344ea51d44db38222a9d832d37701e3adb7bc4c73817bc16f159fd276eb502a44791bfa1d144483a50cfaacb7eea00da8bf1bed0ed4dd0b9a89f216f0b3d1afafc9b7b0ada5ae920256d4f7829ed5e67c2fd39ea541c2ed3b83b96441e79f809b31c614d031c004c8b4071d05ac602fd34af6b26f2bda41e9468cbf42d60369261d073dcbd13e12fd7aa07c23f86eb0c30ada0688027af2476828ef404f812661fe5719f3065ea67c39e7c09c60bf69d3c5306c9cd01018f36920860ff57d0edaa2816d4d7163138cd7fa5305e87c200c98ca8f50a1b89218fcb5d1f2396912884ce9a793c015229726a1cc60e774cb5eda24cbc04405b7ef82b89b366b3fd110b45d675d8f79e4c2dffd805f28897f4b7dacb1b414f19506fdcb807ba1f34b150fb99481f11341fb8bcf550cdd0cacc15867fd7e92be417919d6751ac6aa953b06fda70363b12e154081b407e327499fcb756733eb8642f633c8cc96407d6705cc5dc6a4ec23fb4357ac19875beb296d85cc5af8f534a8003a4a1bfc507166026d2f414f57c00a74071281cf81adc07c6018f004d0136313c6d554bc2266646caaf8406c585e860f619b8a59630ef7aaf534f6cc1653971c27cafa08cd37112575cafd226316b6ecf6eb967b4ac68c9faaf89e2fe39efd20e729632a40b1f7c4373456daa0f62062cb4fe5be83cd723face7336825e826c4f18d3266a57d7e2afd22634df9047bc2a4c31bccb5afda23a01a518c19eb37faa9df17019a4fdba033db9a839cb299c6090f8dd3fe4a39e21ca569bd28d1d21775980f64bdfc1b9a167488fa632d27a3bcb109dd20613bc6e6590e619e3be1cf63740f7cba401ce3d1e218b35876fabeb2107bd5b2932f51fc45b429d821a34d5289866dff69fdff06fc3dcb4ee4cc9dbeaf2dc77c3ecce736b9276cdfb0be80eea7a8af022a80de41f16c43d07c566d9b41a1569c6d40b148a16196141a2c0e617d3a22cf632fa07e86e50c1dd4d6d22a71ccf721aba00a7e8c6eb675243b5f8f9c86b1f87b74a384d40f5ad2208e1ac55cd358f2537fbc36a532e79b3115096ac5fe7bc3c467267e017e461cddcf8c3106cbfcacce07e468e066235e7de703f1f92a3d00bada1f9f4de2747e93f80c691a974da93a5b90dffdfb1476acf2cf5fe64799e3648e94794ee619bf7c53daa07f25df81389679f808cd32f775b4893fc1c64fccbd8f3c8cf5becae7b38ef13d64ddebdbaeb5f36db72683ff00b0f81ec2bc1705ced44c5f9d799ef6f29fa5463db5f49fa396fe5468e6b36d2adffc4877a87374a6b2af8575172db5d460dd910395bd9bcd3d087fc2eef9221b3edf446b308faeda0aec47d403b3a54fd45a107591e7823c13b53be1677916ada51bb5e3b82fc8befda9ad3a2f46d255b0fd5555873355525967b98ab65abfa1643103b9f610e5cab592f390f6c8b50f2aa356411d91278e513ff130643a5230e4362b1fa4d0432a2e64dff9b817c1173607d910b3932023f56d517d52a89de98f6dca17aa3fee2232bea42fa0d3da91a6a9fbc437749f65065d853db4c556415bac33b0e73ad276e87800fd66485bd0af9b3aafefa4abb1bf562237ad44ce2115ffb37c35da4ecc6711f23aa055c0473ba98ba5023e9cafe69e268c1cbb42ee1f6d07c5c918b1de893c2cef137752a588a774eb7c5a8bbab516e4498cbb1a753761fff6c5de5d85fe9166de268cbd0af5b2ef487997917704b95f6c29d4de5aa1ee01a46c90f7148caf7d455bb43fd14ac4716ad09df0c372ea83f38221f622807e06547989893506545da8415994164a37a8fafef436dfa1b544dcca3374bf58462e319392b57ed455b4a53ee22decd5dfe82ead0dcd1187e92e514d6b6459b4a79e9a17f3df8bbba5ac3f4a53643d7f1be50d344b0c47ff955424e6905bdb8dd87b9782c55cac35fa59d6214e7aa0ff8fd06b827d4ab3b499d85b3783ffcdf788945363ecf55d2521c6511fd5af0194ad7e34b1994f80dffe843585bd926f642f6c0dd8e9b7f112f6a9794abde82765c45d847706df0920d6a07553f95ada096ce61fd1686d222d66db9160eea631ec73e06e138fd2384577035371c60f64d7038962203d012c039f00fa0cb0cb28e3ee36908e03cba1fb59d03df2bd40828fa24192a2ee5e6003f09abfad21e45897aa6f084b18352e3f4e1512ec27df0589a6f2f0f3208c37485c017f0288c55b25ac4b69966d21d6ef32d44740679332c649168fd3bc3fb2e78fc08e525fe54303290de7e85f0fd04eff064e34a0baa4e6d9f07fb2ef7f03acef52e01ae5dfefa9a31943add97b140d3a1374a656468b2450ee837296df9f0c6fbf0adbe976551f583fa31eb182574abaa2697dd372d375fda332df430f34843f0e02f1701bdd242146421e685a0e7a956e92b0be88b6172f2e8b87fe00b3a8b7b649d9442ac69a94ad93716602bc076ceda6faac9108948f622f035256f56f456b25d4de05f85e724904da07227f030dfc3a48fa1563aa76fffaf8d7a5e9fac0be14f106300b67c51bd417743a68aa9f06e2dbcc178d627eaa11ef81b2cc259f3791a9df13f57be3a83c6b2eadf3ff2760ef1c065e065efa7f3d96cc32324784ca3c7102f79091b8471ec3fde46aba91e80272496d12f020f25006e8fba8c3e95dd70b6805be2deaf240ef21aaf9197c29ea8f19f07111469bcd7b6557d4ed33fb0699faa61bfd6b5e213a8f883abfcbe85fb3039807fe07e006f01f833e0bba01f25fa3df4da0cf19ed17e6a0bc10780ae56f502e0032c1df0ada113401680fb443fff512f23e72d17be87f9d5efafde3dfa5b8b3386067a4fcce0bf4faa6ef10ff36f5afe71fd0a6ef1afef5ff23dae03b8326d4f003de993ec1bdcfdbf0dde7f7de71fc14eb59d7106286ef02ee9421f21e2defb2f2feacee8f2655ef6fea1e8b71893af8a9bc3bcbfbabbc3bcbfb2be816d095568bb267867ccf9776913a5214c2d586a016d35002179c49a2c520f91dacfc1a9486d012b694ddc26e635b98979d603e9ec55fe6aff28f35a6695a0b2d465ba2556a6bb42dda1b22444c16b3c51c71bbf89bb847dc2ff68827c587e22bcb7ecbf396af2d3f5943ac61d648eb30eb34eb7c6ba175817589f566eb06eb36ebc3d65dd6d7adc7acbf452c8ff84d6fa377d423f4683d4e4fd4fbeafdf561fa707d849ea617eb4bf56dfa43fa235196a8f6519da2a2a3e2a212a332a2ae8dba336a7b348fb646b7896e17dd31ba5b746474afe8f8e871d1f668670c8f098d898aa5581e1b121b1adb21b64b6c786c8fd884d801b1c3630b622b626f8a5d19bb26f6f6d82db18fc456c51e887d2af685d8d7628fc67e18fbf7b8e1712971a3e2b2e31c7173e3e67f69f9b2cb97c3cef173fd6a788d5e33a86678cd889ad49ab49ac935593537d4acaeb9b3c6579b7361e4851feb6a7db53e9ffc869a362bcf6d66bbd811761e9e7b099efb40a380e76e82e7d669f70b265a8ba9e25a71ab582f3689ade231512d3e105f5abc96272d6f5ace999e8bb2a658b32fe9b9731115119bf510bdbdde59d7e1b9def05cb23ed4f4dc3c78ee7e786e4723cf4d8fba3aead680e7dac2735da3234ccf6547e72acfe9ffc27353029ebb357673ec8e80e70ec3731fc073c3029e73c6cdfb9229cfb173a286c173bd6b86c0732935a36bc6d4ccacb9aea6b2665d4d6dedb51746c07315d273be4f119877fa3af0c3fc692dc97782bf8e1dd10611791b2b67f35969ed66945d3266ebe2eb7ad7f5aaeb09f67aba8e165201e5d39534a2f6e3da13b56fd6be567bbaf6eddaa352b27663ed86da476ab7e0737bedd2da9b6aff52ebaaed4ff4e935449f9c30bed53fbd1cb8f3ccd5a76f3afddb99eda7cb517a02405e3d5d79fa863365a7e69d5a7cfac0a709a7d79dda7e6afdc9f527b79e5c4d74f241d9f754e7930b4e22339fec7b32e564ff933d4e8c39917e62f889a127069de87fa2ef895e27a24f849de870821dfffef837c7bf3cfef9f14f64afe32f1d3f78fc99e318e5f88bc71f38beeb78faf151c7538ff7381e7d3cea7844b743ddce773b13fa0c6e7acfd81eb4dd63bbdb76976d936da36d83ed55dba3b62db6fb707e7d651d61c1dba9e6907b970d6afce714fcef061a95cf699dfc652d977ee7479b844c73e99675c0bdb8114d12d34436684ec356712d30d7c0bffa115324c434b334e9f7ec68d2334ef40cf03d7e5732f85fb65cd9a8a8d1fd74132dd7aea5f5f477ba99d6d16aba871ea66db82254c2ad37d2ed748e7ea0b5f4375a49cfd1093a4bf7d20efa07fd483fd1567a845ea197e851ca2107dd4ab974989cf432bd4a6fd06bf43a1da12f682ebd4547e94d7a8cf2e87bfa2bbd4b6fd33b88d5afe81b5a45f3c845f3a910d15b449ba99816500995929bcac883982ea72f6911a27b31fd996e409c3f415b68292da10a5a465fd3b7b49fad677f639c694c300bd5502ddbc036b24dec2eba4075ccca6c2c887cec6e760fbb97dd875cb485b560c1ac250b615bd9fdf40bfdcab6b107d883ec21b69d3dcc76b09dec11f6287b0c39cbcb76b32ab687fe49c758255bcdf6b2c7d93ef604ab66ad586bb69f1d606d58286bcbdad1693ac3dab30eec49f614ebc83ab135ec69f60c3bc80eb167d973ac33eb42bbc8cbbab26eec79f6020b63e1ac3b8b602fb297e8373a4f9fd0a72c92e92c8a45b397d92bec557698bdc65e47ce7c83c5b01e2c96c5b1a3ec4df6167b9bbdc3dec50de132d693f562bde933fa9c1da3f7e8147d481fd1713a49efd3c7ec2c3bc77ec059f523fb07fb89fdc27e65ff64bfb1f32c9ed5b05a7681d5b1049c63c419e75ce3825bb895db78106fc183591fde9287f056bc356fc343795bde8eb7e71d5822efc83bb124d69777e65d7857de8d87f170de9d47f048aef3353c8a47b37e2c99c7b0febc078fe571fc32de93f7e2bd793c5fc95759422d6df9596d9976a3b65c5ba1add2d66ab768b76b776a1bb57b70723ea03dacedd41ed57669bbb5c7b5fddad3dab3da8bdaabda11ecd5b7b463da87dac7da19ed73ed2bed3bedacf603ff81ffc8ffc17fe23ff35ff8affc9ffc377e9ed7f05a2d586ba985e0746198d436f18078503c24b68b87c50eb1533c221ec5a9b24b78c56e51859379af785cec134fe09cd92f0ee09c7e4a3c2d9e1107c521f1ac784e3c2f5e102f8a97c4cbe215f1aa382c5e13af8b23e20d7154bc29de126f8b77c4bbe298784fbc8f53ea43f191382e4e888fc549714a9c1667c427e253f199f85cfc5d7c21be145f89afc537e25bf19df85e9c15e7c40fe247f10ff193f8997dca3e13bf885fc53fc56fe2bca8a1dd54c52bd9007a9cf6d1f3783bda437be905fa0b3d4b2b908b266bd3b429da546d863653bb4acbd4a66b19f433fb821f124be829da48df61673e40b7b191740b4b650bd95f715edccecaa99a5dcfbe63df8b05a2542c136e2d4b9ba55dadcdd6ae11378932512e968b85e266b158ac102bc52a5129568b356291b843ac15ebc42d3891ffaacee4bbc4ddb8d3dc8b9bcd06b151dc20ee139bc5169cd4f76b03b541da3f34f98e6825f2ff4131e378f02669078d9ab0586d412d825b86b46add26b46dbbf61d3a76eadca56bb7b0f0ee11917a54744c8fd8b8cb7af6ea1d9fd02731a96fbfe4fe03060e1a3c64e8b0cb875f3162644aeaa8d169e963c68e1bffa709574e9c3479cad469d33366ccbc2a336bd6d5b3afb9764eb69d721cb9ceb979f9ae79f30b0a8b8a4b1694ba3d650bcb172dbeeecfd7dfb06469c5b2bfdc78d3f29b57ac5c55b97acdda75b7dcfad7db6ebfe3cef57fdbb071d35d77df73ef7d9bb76cbd7fdb030f3eb4fde11d3bb5471e7d6c977777d59ebd8fef7ba27aff81279f7afa9983879e7deef9175e7ce9e5575e3dfcdaeb47de38fa26bdf5f63bef1e7beffd0f3efce8f8898f4f9e6abe3b36df1d9bef8ecd77c7e6bb63f3ddb1f9eed87c776cbe3bfe7b77c794d4d4949123ae187ef9b0a143060f1cd03fb95fdfa4c43e09f1bd7bf5bc2c2eb6474c74941e19d13d3cac5bd72e9d3b75ecd0be5ddbd036ad5b85b40c6e1164b35a84c61925a4c78cc9d6bd71d95e1117336e5c1f598eb1a3c2dea022dbaba36a4c6319af9eadc4f4c69229909cdb4432c5904c0948b2507d380def93a0a7c7e8de2369317a359b353513fcdab4982cddfb9de2272afe56c5b7021f15850e7a7a97fc34ddcbb2f574ef9885f995e9d96950b7bb65f0e898d1cee03e09b43bb825d896e0bc9d634a76b3ce23986278e7f461bb3905b58251de6e3169e9deae3169d202af169b6ecff54e999a999e16161595d527c1cb463b6272bc1433cadb265e89d068358cd73ada6b53c3e82e391b5aadef4e3854b9a63a9472b2e343726372edb333bd9a3d4b8ed1361ee3a6793b5ff75997fa2294b71b9db9a2616b985699dec5a5cb6265e50addbb796a66c3d628f9ccca820ef4e5b163b22bc760e83570e284e93a46e3cbb332bd6c3986d4e54ce4ac8cf93963d2654df63cdddb2266544c7ee5bc6c2c4db74a2f4d5b1c55d5ad5bca7edf69ea96ae576664c644794786c564d9d3c27777a0ca698bf7744dd1bb366ee993b03bb4ade1d8ddaddb984c48ab868c33d0a638252eb909d3029e65d2a298f10808afeed06149660ce634443e9c43a8d2310462f8c962e8e5cdc58ab8bc2d466757860e93f5b2bfd7128b3b62e5cfc8edd931df7ddbb8c66ed65863437f26c9ca3809841adafdbc373ededbbbb70c11db68ac296c1ca1ca03fb242cace6313125a13a08dc4753e05b7bd6b024b83f2a4a2ef0eaea14ca41c15b3135d328eb941356452949f1595e9e2d5b0ef95b3ace902d15fe9640f7ec1844f25ef5d6d7d11b1417f8af4d68a7f6e9f9c3bcacd3ef343b8df609d363264c9d95a9a757669bbe9d90d1a864b40f09b4999cb7fde84c2d8c9b1c0fd3542b8272764058163243bc2216ff595550e756db821095aa86e963bca1d9e38c67567054d4bfd9a9da774ef652a4be9b69a677587ce3f2e58dca8dcc0ba9d460b088e3133266555606376a43a819038e3709229e3232a3f4d15e9a819d198bffaa7d87864864857953e0b2d15200f1675499c5468261269f851f199d7d12c620d155568e89d1c7546657daab7d1539317a684ce57efe1c7faeb2243ddb1f38d5be03abc3bc63d664c157f96c589fd4186aa375a6b3800fd02812cf2460323007b805b80fb02a3959530c2c050e02e7544b8ad6b9eab6fe29d520ab15d933af205915ed4671f635aab8e7aa2c834e9c6ad0b4f186d83043acdf00a33a7194412f4b3068bbd8e40a49835b251f4aed84abfb9b00a7123c197f81da304691b459eb485e806b56b326456bb7a7475cf27d073541b80e680cd7d248df218d55b56a9b9c1acc7dfc2cb5a348fe3dffce68e1dfed69dd36f9bed43ff14f68177010d0f827f89ce16768293f8d1dd006cf91c07dc041e0287016b0f2d3f89cc2e7243f09a98f29091809cc01ee030e0267011bff18cf507e42ee27f594fc4880f3137886f2e398d6713cdbf08fc07dc43f8269ef540d1e9abc5f31f1492613196b329dc34ca65da7e46afe76d56fbd22abf9a77bf4f8c8cda97df9bbe40538067b17cadf251d98026403258015dc7be0dea30ae0566033e005ace8f31efabc873e8781d781f7a82f90024c0182f89b5518a69a1fad8a1b1599da89bfc15fa6ce70ea11fe8aa2aff397147d8dbfa8e8aba011a087f94b55119194da12ed843ea1a0a1a04968b7f067f7f46817e94b6dcb0fc23d917826012381c9c01ce016c0ca0ff2e8aadcc87650f2241d0e224856d1578a3e485b8328655e644adc68c4982e1f71c3ae0087c77dfa7d713c256efd4614e5236edd6de0e423eea635e0e423eeba65e0e423ae602138f988cb9d074e3ee266cd01271f719333c0e151cdef7da2c765918327cf677a6a1b5e0e2f95c34be5f05239095e2e3ff49b90b6dd55d5bb373cb62925be57efc88a03ace22956318d556c65154e56b184552c6315c359c5b5ac229e5584b38a085691c22a9e6443e08a0a96b2b75171684a17567198553cca2adcac228e55c4b28a1eac42678353aa7954d5f8fe8aa42bb22755ee2bd02b4624b7818d51f06814c23a0adbfe209e47019f2aa540488f3684bb46481abda7f748a39c382cb938751c7f1e1d9fc7323c4fa70081057a1e61f43c943c0f056df01c09cc010e0167011f608574340cbf453ddbe099048c04e6004b81b38055997316e0546c9ab84b1996641a3d5996f8f3f844e313c5a352ba878687c6878ed36e09676d22d8e4085f041f4c9de45b7ebbb6416df1b6b6efd756fffcb515b5486dc1d7f15ba83b16e25693de52f55bf7c86ab6a12aeec9c8d48eec6f142110756c28c5b158d021e456e581141e24e9000ae73b4193abc267a25b9baab884c803acb5ecb52ff2b7f0cf22bf0aafe660bf0c7f32f27dbd5ab0aac863a8d9b92ff2ddf05591af265507a1e6a9b86a06724057a2fbc387443e7a58892e43c3a6aac82592ec8bbc217c6ce4fc70d5e0341aae75a394d226725adcacc871d097169e1399e286ce7d9123c3af8d1c6e480d947df645f68509f106db1bc6f60a5783c6442885330657b3fc9404db7a5ba66db26d902dd996608bb245dabadbc26c1d82da058506b50e0a090a0e0a0ab20689201e44411daa7da753e2e517c01daca192c8bf33c048283e94cba7fcae58e63516c4e94fe46daf4de013a68f6213bc871c342147f7fe323da69a05e300b5c48c62de76136842c628ef90f809d536df34efe0f8095edb94ab337733b62e0bb55ebeb29ae1f4ab663e59b53c4c5e55f713636d97af0d93b4e7f2b55959d4a5d3c2915d46b61bd176e898b44b3cb2cd677cfd4f97467c77effa09d333bd3bba67799325e3eb9e35c17bbbbccbeec7fbf3b9f4b4fd789506c9cadcaf8d603fa64f93f5da88b4acac09d56ca692239dfd003944cc0f4a2e28827429477a508421b7c9908b457fc8f59004722d5a50ac928b6dd142c90926e576bb7ba4a7edeed143c974d6c9ad64dc9df58632876321131bab643a55d0612573b8538594f18e5022e1e11089085722ac1b852b9170d64d89ccac1749324556054456a99134562f136ec8b43aed9769751a32f1ffee8f73547c3cdb73799663b67c0fc88e497702d9ded50bf3bb782b72747db723cb7c4188cbce71e44b6a777ab3629c695e474c9abefbf2d997689e2d9b2f8f49db4db3d3333277cf4e71a6555d9e72797a8c3d2d6bcfd8290306371a6b5560ac01532ea16c8a5436408e3576f0259a07cbe6b172acc172acc172acb12963d558a4627c4ae6ee201a95856ba7a27b78cb60c46b765854d6a84ea1252354f05e1ed56549d80121ff625f4bdcc243f046d70a904d7d52fba4ca26ec29d9d45abeec994d5d965c1e1576806d379b4251dd366614c57bcadc65d425dd9566fce7c60faa3c65d2e1c633defdaf7ed0968ef7b634b7876882b7f7f409de91b8e7eeb6d9509b2da7e41de6af6bd9321dd74da3321195c364a5a6050465dd7059d7a2852978f1fa979974b4dc0515fcc93d2c258279c89da57923266470a4820cf3567d00d725793cb8b33041378b676ebf0e6536193cc9f9fae1293339d30f1e931abdd0c5ed7747e0077d90aa2c07a82bd0cdf210751571d485c8f705f0a5a4752edf97b25d52fe3584ab4d106da747998b1ea583f41c3b47f29bbdfdb497e48d278deea6ebe90e5a81536c166a56d1347c2ca8bf8375f5eda524da82736c0b1d81ec55b4840e5027d6c5f7152da5e5da3be8b59c5a5134a5d2142aa6b5ec4a5f19cda653e2461a4c57521195b00a5fa66f9def36df367a80f66baff82e504bea460e7c8ef8beb77ce03b417dd0e34eda48a7d86d2d1ea7148c5201c97ba8943669d708e6cbf39d870551540e1b044da423ec108f8776277dc1bab0ebb5d1d072bfcfeb7b0152e1740de5d3263ac006b2b13cca32db37d177843a618c45d0ba91aa681f3ed5f4347dc4422ce77cdb7ce7a82b25d078cc672fbdc10e69751796d58d948e86977ad150b414d333f432bdc962d8b3bcd8126249b6a458aef3bd4b1da81fcd80b50fa1e7dfd9af7c093e4bb597c418df286a0dbffc557a9b5ea433ac1b4b6293d94cde8b17f37bb5520ac288fdf0c92517fcbd01da4f226af6f1107e54bb5fec1435d6ee75a77dadb122717417dd43cfb25698a9cedcec2fec3df6291fcde7f0bbf827da1de261f1b6cd8e595f4b85b49676d2afac1d1bc2a6b2ab593ebb9ead607f651bd911f626fb92a7f20c3e9f9fd5f2b505dad362143ed3855bdc68b9d9b2dafa655d66dd0b756fd5fdea4bf6dd4c53110fcb60fd9d742f66b69f8ed287f89ca24f9885b564adf191dfface607fc667095bcbb6aaefa0f7629437d927ec2b9c403fb31a8e83955b7998fc96159f185e8a0be51dfc6e7e149f37f9b7fc37adb316adc56b03b5e15a96560cab5668b7e2f3b87646741347850f7e4eb6acb7dc67d96ed969794efe799aed2f38d25fafbdff42ef0b27eba86e65ddfabaaababdbe33d4116b88c302af50c361bd1d9f7958eff588b85df40e0b81efbab1de6c04bb129e99c3e6b1056c113c7913dbc41e50b63fc69e8297de676761732b1eae6c4ee403f9283e199f6bb9932fc0ddeb36be97bfc7cf6b36ada5d646eba8f5d6c66ad7684ecda32dd6d66b5eed75ed63ed13ed17ad161f9f081691225ac489783156cc1165e25ef185f8c232dbf29ae5736bb0b5d07ab3b5dafa032e31236c536c536dd7d86eb1edb3bd1b942dbf45a5c7e989867fd4c14e6bcbb474ed715ac7fb8bae78637903f13c8772b5891c91cab7b395fc06b697f7b02cb25ece2f6793e81c5eedefe02ff1fbf82ffc726d229bc0a6d33cf99baaf2c7da41c8dffc1e2e9ea7efc45398db1bd0bcc81ac296f0b3d610aa62eaf7a6d98b5a5f11afbd461f69a7984d6ca1e322987566dff187b4298882a7c5084b26456977d363da0276033dced389826b82d6208e27b11dc80b192c99fd53f3e1d63b09513458fb946ea4f9fc03fa0efb7825fd8de58a3c5a47fdd9f5f4053d885dd1cb5264ed6dedc85ee52e51c9dbb3bdc4c5c3f2f799590fa6593ad04dec1a6d93f52cff90cae8a808a693da23b0fe287f4c9b28ce59a6b17cec801be8665ae05b468b2d99e26d96471a9b49b1e234b2dbf55ab288025d8aac321b396d1f76f701e481546d226aba2072ae445ccc4086d884cf06e409810872618f5f852cf606edb566f06acab3b466c83a44e2b5ba6934cbf7206df4e55191ef36ea837cb0c2773d346ea7cfe916dace96d7fd994af0e6f821f6f6959631fca8658caf0fafe41ff2e97c7de3f585b7635917fa1a9fc7680c8db03c4995e27d9a4e237d6b7cc710dd3d916137520eeea79f6196df638471da21ea5f3789eff68dd14a30df5334d5f7902f920553beaf8026d353f480cd42765bbc394041339ad18c6634a319ff056c6b46339ad18c6634a319cd6846339ad18c6634e33f06977f51cf820f6964a3517b39fbcc6aabe61b53da93457ca651b04d7cc6a86b90d5f219d79ee2fda805dbc812a94b7ce82fc32f0c9f14fad3f0891786d348f0a1b578f4eb1bd536aa6d2c1e8c04d5eadaa1da14f997ec757148fe597f15ad1231da796a854272a74e1d3b504c340d1c3068109f5ff4eec2baba7d4fd4d52d7c573b5ffa6e2938c69f70bf530afb688c267fe341fee63e519d7a4a9e51301b61f29c5a5b4e92ff37fcafb51c3279d140c6425d2cdf9bbc955a5b234cde462f58134c3e88e26cd79b7c0baa6cb5cde483c5736a64c9b7a49cd689261f42735bdf6af2adac7bade74cbe35cd6efd4be057e396b69946fe7f67d5d2e60793e7646b976af21a25b54b3679d140c64221edc69bbc15f27693b7514ebb7c930fa2f6ed434dbe05a577ea61f2c1dcdee62d936f49fd3ab94c3e84fa77da64f2adb459ed0e9b7c6b4aec7444fe8b0842836d219d6a14affea5d7ce2d156f95f59dc3146f53f597293e48f18315dfc25c238337d6c8e08d353278638d0c5e349031d6c8e08d353278638d0cde58238337d6c8e08d353278638d0cde58238337d6c8e08d35927c7083f9b6547319abf89006f5add5dcaf527ca89c4be73cc5b707dfae7399e23b3490ef28f5987ca706f55d55df158a0f5363193abb3790896cc0f750f2772abeb7e2ef577c1fc5ef967c5003fb831a8c15d2a03ec43f970c5a4c25e4a4b9642707a84e0f031994aff889544c4580c794d269344aa5e0e5d38e7a9792d0515380fe89e0d254bdfdffa8292960994ed3d152a07e9fc79071a36e3ca8315e3f1a8a4f5fea6372c9aa36153d0a40a7a14f1e6cf0a85ed3a0cf0d94d2423c73950d4568735261c092528cab43ca6e8e64c8bbe0211d3d647fa9b18812d428b2c5ae467298baeca8317a162a8d7206f9b0be506974a1c5a3a4f3d558d2eb1e7304b79aa143f5f5a8f622a545526953b1b2c165cea544e996163994556e359a6c91f2b98a1af697a9d174354243ab5c4abf07ed45aa5cae74e79ba33b4dd962a5cb18db5f5fa0747b4c8f3850323cd354ce039d4ee51517a8a1db61d694294fcbb5aa8f9262b52ea5caa305aabfb4544647a1d9cb3f8243f55f688eea32672adb0c6fd67b612e24a536a3b6deaf2ed3bbc5e64c5c4abe4c95ea57d5ad22b6405977e998f0ef1c77602eb2ad50e9abd7518a71e69bd6da4dff3b544ceb66dcfb7d96abc6ce53b546ff72b4b8cc35943205587b23468af1cc43db42d3db8686fabd6c576b654487ae7ce830e7ef52ab56a0644ad43e33a2b148f53466d230ba5d81c8d2d1bec85c9942658d8c4d63dddce64e2e08d851a84af5d1eb69926fdc4de6e730c7c8511aca94a7731bc5a69316a0deefd932f53758fc339cab625b5731b048f9d6ade2cea356232fb0ead27663bfcbbd9410d84d6e33caeaf391d15aa856c44ed7a9fe86d552af43b5d6479a317aaef25689da258b03b3f08f2dfb97ab76bbf244a93986dc4386173daabfdf62bff6121543852a87fa6d4bbc28af0e6bb46a32dfe5a9f897ab3b8c669ae3f973adcc9543f0d4a92734c9352855fbc1d847bd1ae89a88b8ae2f3da6e2bcd4dcf7854afbfcc01aff6f73beb12e796626749af9ad3e4f195a67e03cd0698aeaaf539c1a6f229e9331f65c15b97e8fc9d8742b6fe79bda126912e432707a8c01466346929f8c5ad97f0c9e57aafa74d44cc753ee81b1f0623a3e13556d066eabc10a192a6add9788693d506f586cac5c89b9b6f57be162ff18675e317c50aaa2235f49fbe7e3cffcfe78ca51ad8b215f1618d311c8a186efca54dffadce7347787cc50f5f9dac8132e3337bbcddc91a7b43803b957fa36cb1c4d66918566cece099c7ac6989edff18c3fb6ca0359d069ee6c6760ef94aa3ce531f3c65c33ee2fe52fff6e971e7336d0529f2d2e1e2fd78c2f19cb392a031b56e7982b53646abed40a5da666d5d85346e6bf382a2e1ed99f4365b6b4ab1b8d1da31698de769bb9ea5f8d9da862bfa8413e5f7cd15a38cddb4cc39d639c1276655189f2ac3cb75c6abffdf19aeb662c1635c8a1fe71e5eecf559e763538ad4a1bdcb81202d2a50de2b6fe8ef0fb9e92d6152afdfeb82a6ea4af5cadff7cb59a0db3893f0fd74b1643d6c83365cae3527f7e603e865d0da3bbd0ccdc86ff8d5d5562c6477d866f1c43bf37a3faf818afe67ef1caf9ef78f26c739a37416336c6bdd2a156b5a8c91a9436f177bd6639bf6295f973cdbcba50ddc1caa9e12dee8f57dfafcfd8934ef3aed1f844f6ebbb781d0d6fd5df8c1d4ae7c5fbd8bf62f626be9efb1f595befe58b47687caf686c91d3bc2d7b7042fa35c8532615b57d489e8d4368000dc679a8e3d90fa53e78df1800f425f9ce39832698927dd5df261d808fc10fa6fe80ec358806e2dd44426acf577792128c97844fb9fa24aab3bdf18e77a8ccf7afce09c9a5a9dd591e880be3147499d956da344d6568e30c9d64deb38acd1bbcdc9fc6495aaa5a5c6a05a6e3597f6ec8a8926f56f29ef09fd99da4e4e5bfcc9084a7476508b95649eaec99a3a2c4b84f240624ffbb2394ab3b8021ebfcaf8ce26f4b6a128f01dd198b4b9c73ed0ea7feb09e91efd4271617157b50a58f2e2e2d292eb57b5cc5457a498123514fb37bec7f20942495e9d38b0bca648d5b1f5f847efd860eeddb078fe4443db5a0409fe6cacbf7b8f5694eb7b374a13377747191c7592895942ed6dd767442bd6bae9eeb74bbf28a12f4d45297bd407740caee42636171a953cf2f2bb417b9dc1edd916f2fb53b3ce8e0f6b81c6edd936f2fd2d1b6582f9eabbb304a49a933d7e970baddc5a56edd5e94abdba1bfcc91afbb4c55ae22dd5356e4d4cb5d9e7c7477a2b63857f6967c811d63a0bf1dc6f8eb3ce5ce228fcb09690798b2d2c589ba7249f14267a91dd3f3943aed9e4234c90e8e324cd12d077317cf8599ca84b96505056095ad18beb01883b88a72cbdc1e3555b7677181b3a127e4e2b8e528ced242579192282d9e0fb576d8ef28c34045cab25c973daf58b697e7bb30c37c6741093c52ace7b9163a95805a65bb5e0077e8854ef8aec8e580b8bda4c4093716399c18c470b74b3a4b772ec2640a9d058b75cccd8d452e903a0a5d05cabd1e336edce6780ef4c871ea656e67aee14de78232696c9943fa5f9f5b8c29432326e5f1b88af2e4d44b9d58778f3b412e931b2e53718462a13dcf7e9dab08aa9d1e4782e13474cf75b94b0aec8be510b27791b3dc5d622f816910c985891e975b2a96e225a5c585c54a5ba23f568719539be6cc2b2bb0970e9b897e326a93138724eb3d27ba1ca5c5728d7a29a989198a6cd7334ab1f685f6d2f972c6bf17f9984b1e82d08978533105d119d3f529768f1ea7674cd427cf9d9ba80c7316b89de5f9104b9c343963fc98f1a35333c64f9ea44f1ea35f397e74faa4e9e97aead869e9e913d32765b40a6e159c918fa5f07b5a2e8b548cc961d61eb50a017bb0f38af34aed25f98bd53832f8a59f7216eb8b8bcb644f878c5058575694aba20f31818052718d9870219a216ecf2b753a65f426ea59e8966f47e814e7c8ad879e9e46c6486f95cb107462b19d72754a9d0e0f62632e7c5f6f975cf6e23ca712516111e887e544c4e79479a01a661663173698d0656ebf5108fe802b029d6584ea0bed0565f61c44a5dd8da86ad83b519f51a4e27cb17f169893b938d81276dd5de274b8e6ba1c17cf5c87178b5484cabef6dc5c975c63444ea94a5c09b2ba54f9566584264615b80a5d72421844c9951797ce771b81ad62585516972366ca720a5cee7c390e7419ee2e4470c37e2c55c962dd0878d3438d0752fe183fb77e7232e32d2873bad530c8950e676991398352d36e25ecce2f2e2bc845ac2e7439cb8d1477d1f4a51c56d289ac915b9f16037384592a193b3cf56b2c276637ad9e7b69b5cae440073357988a308edd334c0acc989eaaf7d17b0e1930b8973eb8df903e7d07f4eddba2c58c09a8ecdbafdf8001780eee3f581f3c68e0d081435b05e77b3c25c39292cacbcb130bfd0bef282e6cb8279c7a5aa9bd5cfa025b104641d3b4e21cecd049c859c548f009729396ba1c2ebb3eddaef6861b27d690e47fa13b29df53589054e891ff27bba442f71cbbcc1389b2f2dfec50ee2c40adf38fbbc85292e947258dcb50b17a0d9617902275d1c52b206b85c37c1eca5fa9ab80bf7dbaba2cca2b91bcb4e46a9bb4dddad3da4160bf76407ba4812ebbba18f8cb67946e67a3b19c8db4297d2242f41313c45871059e43216d57af88b9e675249f79d9168dd4154f7e0953aaae675207d1ff0013dc0bb1656e6473747265616d0a656e646f626a0a342030206f626a0a3c3c202f46696c746572202f466c6174654465636f6465202f4c656e67746820323237203e3e0a73747265616d0a789c5d90c16ac3300c86ef7e0a1ddb437113dac3200446462187ada3d91ec0b195d4b0d846710e79fbc96ee860021be4ffffc46fc9a67d6b9d8d203fc9eb0e230cd619c2d92fa4117a1cad134509c6eab875f9d6930a4232dcad73c4a97583175505206facce9156d8bd1adfe35ec82b1924eb46d87d371df7dd12c20f4ee8221c455d83c18127bdabf0a1260499b1436b58b7713d30f3e7f85a034299fbe291467b8373501a49b9114575e4aaa1ba70d5029df9a76f543fe8bb2276172f277697e7e6e1dede1397fef70ca51722ce93979083a408d6e1734fc18744a5f30b51566f72656e6473747265616d0a656e646f626a0a352030206f626a0a3c3c202f436f6e74656e7473203620302052202f4d65646961426f78205b203020302035393420383431205d202f506172656e7420323420302052202f5265736f7572636573203c3c202f457874475374617465203c3c202f473020323520302052203e3e202f466f6e74203c3c202f463020333520302052202f463120323620302052203e3e202f50726f6353657473205b202f504446202f54657874202f496d61676542202f496d61676543202f496d61676549205d203e3e202f54797065202f50616765203e3e0a656e646f626a0a362030206f626a0a3c3c202f46696c746572202f466c6174654465636f6465202f4c656e6774682031313133203e3e0a73747265616d0a789cb558db6a1b31107ddfafd8e7425cdda58552b0b3769e5b0cfd80b649294e21e9ff4375999146dab5b30a34265e7957d29c9933372d1f99ffdc71ffe5141fbf3f0f2f4318b29db34699f17908cf2f839e54be96a7976aee65f8357cfb30fef15becac729c3327e3f6f4d71d378eefac962208e363f87c7d18d3e0f569f8f8c0c6a7bf7e5f21941bad17c7b950e3ebcfe131420977a4b422ddf9e23f2f09949c76d231693d6404cbe0bb3cbb3473ff1f64819085542add64c2163d58d8220dfc1687f3f0f1c446c9c7f3e3c00b276c3c3f0f9319ef84b46a3cff183f312666c6b4604c39ff1fc6fb740dbff5e4afda5f99ff53ccabe82fe19ebf6a9c2fc3facfe3f9f7703cdf962ca5ae4433552de35eb9ab801573b04aee13b00888a57102e16f1d36edc827596db900c2cd75205212cb0510fae0ff0d8070c942e17eb86a9e2c182d15c05a58e3d2fc380f2d69c1b2531ad3b9ea9eecbb873d6dd927ca6fe7eb348e6b2ccc9b120ee5886c6014594739412f944b3104596bb8b42a7650c7da536e623061ee26068cab29e8224e6b58958108303a515c1b000ee03410a2801c45c851fba20c1769bed085e8208343e8a0b36462f684d0b9608946c53d588d25de17049b03bc7383198d8cbf7959ab67e24418de10eaa87b762499e6c5489389e0f8dcef236c8a44ceb61137898a822ee2ac45e21a03ac1ab321a0f23c4ebc754a0a654f9f8b47676f26111d8d07914a73623492a9c98bf25863cc8ea8d4b03e3e3b9448c5df5ab411b88d04ae2b737691304d48021a048c9e81a2a711632dd24213415c6c4220b4ac202c814f57816b713559dc28375ae72caf21308ec01306fa29d93e070efaa6de2445f8f6888ae9e1425b474ad0a49a00404711c4d94964e7a837c0c77d71a61c30d814a0831a1210a82c2915d7b24395ddc8fe6de91024b0b3afcc6c51a6def6b96d81c05465c61ee37b74180828143aa6dc0388652060198886b324eba0322bcf718c252a671892ea6f3743a41c0892316782e10dc7d852d65a077c6bcf45a9da960452ed2fe6ef22cd37d069556e6a681a06e582c1b287937210c8eca989b9295c6b76564a51c68311301703574d189238af941074b8950673d140d2e631b7f8db4890a2326717094a913a1e14e50134863b7a89abbd08155450f73231f9ecb1bd8cf8f31485d105de9877941133e563d6092073089cfbc43336cb9d271821eaed7b54b17cba513efaa317143ab2d28be9923524697e7b7b206cc817fd9dade567ec243817a713d214e7de8cb628507272a9b225fbc9e6f45361e938bd585599bf8b34df2f90fe6b4e8a62179f49237d573c9d60adc6ec4033dca9293578ac84a36a1c9b62acbc27ac5f35b2ade5e539405a9099331b69d0571df1cae94661b9a52f2d68b9132431f0a243ee3f4f74cd46e26c45411771065bbcad84bca7578824cda02cca20c67bd7bb81ce26309f96daf7045bb135a73094bfe630c91e3de499f774dad62dde19b4698aa4ca373b616ca2da066de5f889bf379636297805b74749c79607c2f026f41fbf685920656e6473747265616d0a656e646f626a0a372030206f626a0a3c3c202f46696c746572202f466c6174654465636f6465202f4c656e677468312037363230202f4c656e6774682034353535203e3e0a73747265616d0a789ced387b5c54e5b6eb7becbd61186098196778ca0c0898f21405052a4cf06a9aa99881198a828aa9a0e2ab7e79f0ad1c12f36d3eaea5a666d9662b3e12d3caccced5a453f62e395a669d32bb999dd4997dd6de33c080ddf3bbbfdffdddffceecdfdadf5a6befeffbd6fb5b7b80004000540383d4f1534b2a4f3507c6007019806e193fbbcad1a5aff80d80ffd7f8d6e0099513a74ebc317a1f80341880344e9c326fc2fa19d57b7181eb00a6d0496525a5ff58808f011a11322621c3f862d02cc46f20749934b56aeeb42f32c3706e6f00367b4ac5f8920995253b010ca9c87b7d6ac9dc4a16441f433c14df774c2b995af64945fa6a80483f6dbfca19659555dbeb7e40799086cf41939d023cfde9de096382737e85088d0d70ea7a48b236367d3ea4f6566fd705ffc17e33f13d7fed5dfd87f3a4296e23ae63bbd5db3d1b9f033900bebf2ff5b5bf825560839120e8144090b61d99092210b61e4ac1803c0472d303d41ffad1257086bf0fc3f9047850380ac7f89790454ae1255a0f53e971b58e8d832778250c26abd43a9a0c61b413f462f7aa75f8fe2484df11ec083d110484190895085b11fa22ac257f87ee64bfba99dd417a303e0b852c7610764914f28470f5557e11b2053b54094ec8e6331146205d00f384d5904de361201f0e06fe2df233215b6cc267c817c6c21cfe933e56a0ec597c1724f07db04730c3447e0b768a3fc05bfc5bf5437e00f6f057d5bfd33055657de0048e4fb201f030ab5117d04a38cffb413a2f83681e0efdf96418c4e3219f364215f2381f0ad1e40748215fab56f63b38345cfc183aa33cd17c0ee4f332f5639477207d09690324d335d08f0f83c7d85998265c846a76593dc50ea9bb70fc11dfe94dae8193bea4d60ac3a09c5c537fe603d0e6b5ea2fa88f991f87027245fd8d9f55bf44f93e1763611c5b086fb1fd50c447c202b10b94b08d70995e87ab3c05e2e825188d308dce830bbc42fd865d80a7a80976919bea19e45f64cfc249f60a04a33f8f8ac17050b4c03694e5036990ba98274157b49b836f87de7c377416378085af87d17c2ee4f10ae8c317a9cde45748962a61846483ff60f5c44e5f20841d802f8518d82d86c126b201f623ac20ebd48df40c1ca2e7611d3da4aea5bb613b2d863108943dabfe84b294600c0ce3f3601fea51c8674015f29ea097d4ef106e235cd7e310e34ab81f52b478f843c0f8d063c307b4d8f08596b8b80b30267c418f09cdef7f045a1c600cf882660b5f68f57f4740dffb82e67b75979e855a1633042bde312f49217092a7d51b7000c77c050884f9b01d5e8657e0049c86f370057e0295a491027a9a7e46bf70581de18ece8e18479623cf51e57839c6acaafaca81b8c276781ee7ed8793f00e34c1b7701de70df7ceb338421d9138af8fcf3ca2de54bf06517d53bda5be01a05e45b884304acd729d7135b80e36cf6f7eaaf9c9e639cd25cd85cdf75cfcefaf9ef15693b65f57841e08a3e15ffff6c24bb04fd76b3f2c803d70048ec26b700cabed7158088be075d4f724bc016fc26258026fc129781bf57f07cec05258067f850fe043b8001fc1c7b01c56c027f0297c8655f40ba8c17af76f1bfe9f6d2843e220d97f68613d212b8b8e107589bc38aade9f8d294e9249a2c3915f9e2793b149324d9449376792cc121dfd6516d77f78616c91a3c65133b0b4c6d1df31a9a454e671fa880fca6a8a521c32141496e37d44a153ce2d8a6845cb8a8ab29264ae2dc3f5656a8a7081c9de0526eb0be07c57922c240e72c82c7e68e1b042b93a2f42cecd2b8a703a1df9f2c9a185f2c9bc08675151922cb6ca88e3d3e5a11e69a54459ec9624fb795628289473236428aaa9f150b14eb9baa626a2063568a14fb6a78f10e8c8c8f565a005f28f90eaa1fa93ea586784c68875c63a51c2a2bc24d93f715041613e8ae844110d897297fc243920518ec3c198589f40963b6a0a0a8fe662d48e3fe207cb47141e852eec6a6551841c8b8b3b961f31412b4fd3323051ce5d7ec401a30aebe3202fe228c4b1ab79c8377697a13b28248876274a30c1fbe1e0acd4b80813f87587c3644076b2d38ae8615a38a077571d63c3fbf58cb369182f7e28a77b98860919893161c11a264e7fbc7f8f080d939e9d333a2b56c3fce64f1cda275cc3fc47e467c4db35cc307beca08c280d0b58543ac4f39ef153a5667c8e86055a4302fd450d0bcae9911019a209a3980c120aebf191926a263315d98ab7a15652a5546bb74a2b99a5044722af229260fbd50db6628757037331764b61088cc2481e8b7d4d4f9a83717f4aaba5eeb160a59bc1c19c10c0b3c0ca9f01932083550c854ee44508114f6add8ffe1bf7ff76cdf75eefc17ba42759ac5fb7fee78b56e3f5151bc08e7033dfc2af08e1c224bc16e3f5a1d853bf668857a45ca9566af433fefbf2c38e177bd9523c3ebba26f19f6b1fe60846098ae184d2121e63eb2d12443937617f5bbbf7e0f6c0219f20b659a12514f23ef2bd20940024cf715299c02ce5404cf2079063f7da837186f28460f27501f646aaa0f32de484d733a439c2c849010c29ca41771b2aeae1c7a2ac37dcdfd1a317e4d99db4da8cb25c8b7760a92eb693ae776089deb2aa6c5cbb117d2faf781d806105d87a87f211cee136b4927fc98eb18beabcdcb06100f231e0445d0f66acbbc768b7024b8c94bf821e1d7421891306aba13e0bad29ec1a00fa969c442d259acc5426209c391c6a974cb6fae63a5735c5356b9ef8c2a6944bd6e17f3176e0da5b9f4c1dbb3f9f3ae5ad7079a8014e6a8df0a81c21930430cf457ecb15d34a3d9354f78c435e0d6868e6aca0693622386ee85ce4f226ee02393d2b9954a4d13926942bcd99c9961b799ed364a259164c427c48b5492441bf22c1974d89fcfcd16c5075ea8dafaee859bfe3c7d51994c82c4f56b977eb0ccccc48dcf1efffd1eab9555ffbe791e29259d475671eefedbafe5ee46f7f7c53bd986b73fe57ca3fbfdab7d4f7dc50512413081f52e0d6dcd7f41b50c6081871483b593a68bc1241bbdba30149fb5e84290209a4d0318d1de0b4851a04d256652cc3e2a1134abd0c326893c364ee8919189fac49151e31b5de4cadf6e8498dd1fffe27e83e46d3a15625a5aedde4db35ca70599fc74fafdebdbc8732b9edac4891e0b09ea777c87f00e760e258ae59e6eb8eb1fd8381a89684d2e1a6df0ca1fdca419bc4d1e0c6a25b48d8a36c95d9af0aec4fb4a9c9142bb64de47ed9da994a09b5f12a329c7afdd84649a69176d3c834db535be92e5fec26258fdf3f2c5e7a788c70db50b571c09b2fed7ba4124bc53c0aadf56aeb83c5b6af4ff4f12d348e66c7ff0feb0253fcf7bad8cb1ca77e793a56b285d3c63dd43bd1c0b5578eac03846669ef91359b8892fd47d91ae5e65e7b18f76e019374fe189499a2edc24c7787d118a6a86867a751690104c1d139d850a5a9407e803fa470e3529a65615154b40a8c6174c8ab3cd1601edade08cef952926c4c767667449b7677acc20a1516c368949a25d8ab365646626c4a06d6cb44162eb76d71df03390b06f8e1b0d63c63c5e673ae4bff0ecd4bd8dc185020da2eec44737f74e58b1ef90d1bf282ab24f0da7f54b5e7e838c2c994ee9982164cc9a6194bfbdc375f5a1cc8c905afae84317c994f183cbd0effdd5efd815fcee70c020059c31ad7e0f414d43423b24bc4f142a3cc44fb380551fe4105fafa7a6e9b27bdc99a9abd40915d515149120574bb684ee0b5ef297c9cb8e1506099655576b5f3abb97ce2879e6989d895c9abd90ce1a4326ec296674c5af9b7a6cb9b982f32ff692c98b38fbe4cdf0dcbc59cb3d393548bdca6789002158f74a15de39daebc770f4a394d256b75ad4084422b0c5957a606b3a893c5077a53ec88126a5539bcbb84909f751cb9261c6c261c72a1aabbb2e21deae558d4c8ba69b58605dd9f47443c9a406f7cd5d96eac6f58ac40eb12993b63e393267db133b1ea1d1bb886131e3d5b4d72da8aae5fcf2896c5bdd362aed2237d672b6ec175da77cf57bd68cb16987682857cc0ea72694d92487796353774568c7708cf4d30f94c894832722cf47d2c795a07615b02d3d15abe74dbff6fe12e2d151ba72a88e243975adeca2c8d06502c626f9e52f5f9b8590ad9716ed7edd9f4901ae7bcd4b166f5f3e29efe390cadd6934889ba65b3989b9d4fd796258c6f84787fbf62d58f31ee76b0bc755b0736cdb16629abf5baf335578de0ec5ef7c1b8c57447b686bbcf9a32afe9dbd7ae9c5b045493312e68e1a6b4590b4e9e86ff2d59898646b93dca929352ddd129b999e8935d1dec32ec56bc924a54bb16ccecedd612f9ac34bcb77a40fb1a5a615cf0a32358735ef60fbeaaa778c1e4b433618e8ac9227eaee3ce28933ee7e9877c51c89827b609112d0adbb9ef32639deeb93764126212185fa1e8e662fa197154fc4697a2ba650a3a7cdf0f58f4d7fa6951367bb308cbf3b0c33d33159b428cc446f61be8909dae1e61391d288d0ba734f368eedf2e2c128f7f767a7bd9b3571dcf30b0e445917d797ad1bcee961563ef985598fe46c5d733c8446d713e169c66be6ddfef2fcef222d7db4e2593cc96ac72ee66ce25b73b3ad755b39df417e5e2bf27f7c807e8c463f5ec6dc33c3408558acba1fcd296d8d438b0582910836f9da46af2334d8d30029c676e7825efc622d1909283e22249d4c5f7974e31acbec8639a210b2f6c5b94b1b4840033bb499d373475dd9f44c5ab75ac6953b7744cd4f29186097f10c63f8dd9d0677cbd272ace2beb201cfad14850b6dbba76377c4326c9d82687c46c6e5838d071392ef25d9c539348b67913fd3ecd4941c9e557c1f50d5eaee4f2ee03e4608851c687374a86fb3845e57fcdb5c88ada3bd49b6a72826c1f7e816b18c68feeb9169b164609cda3a8958f0e3c9fa73d65d4b7a3d608a4b5e107e3e9af44945597252925082dbf99bb6536a5eeb4f9fe3c74864ca7d94de9b9c9243f1eb45cb2fcd06d744e8d00b76beab174c47e35e3e480c0d22e8f3747f628c9ba140a15e7fde958afaf416c28484a9634ba81066d23c8be919e8eb59a9a36b2d6469f8ead736ad6e71ed8ea7963634f2ec15db393fdbea59567fe70e7e7f79eae2551e8df299b017ece7d30bfa35c1dda2e9c54493a67d2318ed2b11f61e92e784c26c62a25ef9340f780f2a3a77f99b8f0753cbfa6b2b97bd352a3078e34fcd92649857366ae3a4603fc1f86459ed293b1f4257b9d6dbb6a92b395df58f757b88718debc8fd79b351f03127678dbe7f5e2d67970eb7da977ec84760ccf457586050fbfeea0f6b476bcb8dfd15096a2d10d803781aeb8418cd8c999256dbe8c947f6972e69687c3562e616672fb6ce7feb1d15a376fe061e8c7b27e3197f880f8578acb9b684aead7bb73b4ba29088d25b9b28fd600ff08bf21e14c1ed5acfb6d35171785e8932295dda657142023635bac3f5ee4ec288b66b149a1bdb1dbbd5966ecba0c7836b1aaff949bfedde798e1fa4930b8bf3ee3704563ff6da16519c7b66facbcdbca1aa6cfc2a1257999c39fcf5bac3941e5b4f864da03435696071f7b0d4e76694ad7f98d1b73793c7a6d1473d36eea7fe48d70ab978b68c516c3e678b9ef72d7a5a91b0b610414804693626fab71ea420a2b0367d834cbe39cc4cb2b949b6346989ab1d231834e93d32253116b5d20e1a0b7125bf1d766a3aa3d210676650df7e53a618a79d083b912ce4ba6fd5b9c684db86183698e9e645745b1df1e6dd6318d79d31c62d305821fa57814766112513dba55a0ba127744bde5990b0784a5abb848bd33b4b2c689ec0d6b058fade9f4e6d5e67a96a9825306170de9b93973734ee7b6211e71f1da5c75c0f24761b309c893b98f5f669946b1ad6831f512e117a2b20f9fdb12df5de38d4f7d0d68bbbc0f4088dc3f21dcbd2c91eb2f484eb62cd878a8bdd7bfbb49ecf04aaf1e3db8db811c62a824f3eb45bbf5d80062011d071b3365be93b0730fdf3db3318023c72105d0e4d14ed5bf47b5274cc6d5953e97e72cdac571e20d5ab09b0acdba7598f3beff1ac3b9fb178cfff3a4658effd579560cd012f4e2100290fce118bf0e2025eddbdb888fc54eddf78ee8f1c23e47a718af8602fce201c0abd38477c86171720116abdb888fc235e3c0846c05f1f1e51e0282d9b513ebbacd431a1625ad523d36656968d2f9f505e56daf1515a726a6a2a3293bccc248d09c3a102c62154210cc47b094c817218df8eeff85f3e19096528f54cc42b30561cd0039251eb543c77d3f47bb6ced3b09eed56496ab7ca24c4aba012b2f0dc4a8139fa958c4f2b11b4a7654855e03e13f1a9674619ee3613ef33913318d7ea07f930040af09ee491e19f662fb822656e6473747265616d0a656e646f626a0a382030206f626a0a3c3c202f46696c746572202f466c6174654465636f6465202f4c656e67746820323936203e3e0a73747265616d0a789c5d91db6ac3300c86effd14baec2e4ace2d8310d8921672b103cbf600a9ad7486c5318e7b91b79f23b51dcc90844fd2ffcb91a2ba6d5aa33d44ef6e921d7a18b4510ee7e9e224c209cfda882405a5a5bf12bde5d85b110571b7cc1ec7d60c93284b80e8236467ef16d83ca9e9840f227a730a9d3667d87cd55de0ee62ed0f8e683cc4a2aa40e1109c5e7afbda8f0811c9b6ad0a79ed976dd0fc557c2e1621254ef836725238db5ea2ebcd194519875341790ca71268d4bffc8e55a7417ef78eaaf3501dc7695cad943644f923519630354c7ba22223ca0ba25d4254c44c35f5bcbae7b75ef7ab65199565dc333fb213fbe607b660fb22bd35a3e081833b0e3ed3679f5e9bb1fdfaafeb4eee839417e7c20c697134bc756cdae07db776b2ab6a7d7e0148c296ab656e6473747265616d0a656e646f626a0a392030206f626a0a3c3c202f54797065202f58526566202f4c656e677468203435202f46696c746572202f466c6174654465636f6465202f4465636f64655061726d73203c3c202f436f6c756d6e732034202f507265646963746f72203132203e3e202f57205b203120322031205d202f53697a65203130202f4944205b3c61313761313532653764383435306336656666613739383432323237613965303e3c61313761313532653764383435306336656666613739383432323237613965303e5d203e3e0a73747265616d0a789c636200022646bf630c4c0c8c4f8104fb0720a1f710c4d50211b78004eb422021a408e2e6330000a96706650a656e6473747265616d0a656e646f626a0a20202020202020202020202020202020202020202020202020200a7374617274787265660a3231360a2525454f460a, 123);

--
-- 덤프된 테이블의 인덱스
--

--
-- 테이블의 인덱스 `courses`
--
ALTER TABLE `courses`
  ADD PRIMARY KEY (`id`);

--
-- 테이블의 인덱스 `snippets`
--
ALTER TABLE `snippets`
  ADD PRIMARY KEY (`id`);

--
-- 테이블의 인덱스 `students`
--
ALTER TABLE `students`
  ADD PRIMARY KEY (`id`);

--
-- 테이블의 인덱스 `upload`
--
ALTER TABLE `upload`
  ADD PRIMARY KEY (`id`);

--
-- 덤프된 테이블의 AUTO_INCREMENT
--

--
-- 테이블의 AUTO_INCREMENT `snippets`
--
ALTER TABLE `snippets`
  MODIFY `id` int(11) NOT NULL AUTO_INCREMENT, AUTO_INCREMENT=7;
--
-- 테이블의 AUTO_INCREMENT `students`
--
ALTER TABLE `students`
  MODIFY `id` int(11) NOT NULL AUTO_INCREMENT, AUTO_INCREMENT=890;
--
-- 테이블의 AUTO_INCREMENT `upload`
--
ALTER TABLE `upload`
  MODIFY `id` int(11) NOT NULL AUTO_INCREMENT, AUTO_INCREMENT=3;
/*!40101 SET CHARACTER_SET_CLIENT=@OLD_CHARACTER_SET_CLIENT */;
/*!40101 SET CHARACTER_SET_RESULTS=@OLD_CHARACTER_SET_RESULTS */;
/*!40101 SET COLLATION_CONNECTION=@OLD_COLLATION_CONNECTION */;
